graph_dir,y_path,y_cmd,group,nodes,edges
/Users/elza/Documents/Final_Dataset/Graph_files/ci_secure/11ty-high-perf-example,,0,11ty-high-perf-example,245,338
/Users/elza/Documents/Final_Dataset/Graph_files/pt_secure/@vivaxy-here_3.1.0,0,,@vivaxy-here_3.1.0,93,137
/Users/elza/Documents/Final_Dataset/Graph_files/ci_secure/BodyBlock,,0,BodyBlock,372,526
/Users/elza/Documents/Final_Dataset/Graph_files/ci_secure/CVE-2021-23330_instance,,0,CVE-2021-23330_instance,1336,1977
/Users/elza/Documents/Final_Dataset/Graph_files/ci_secure/CVE-2021-23330_version,,0,CVE-2021-23330_version,619,914
/Users/elza/Documents/Final_Dataset/Graph_files/ci_secure/CVE-2021-23352,,0,CVE-2021-23352,1044,1563
/Users/elza/Documents/Final_Dataset/Graph_files/pt_secure/CVE-2021-23631,0,,CVE-2021-23631,2071,3065
/Users/elza/Documents/Final_Dataset/Graph_files/pt_secure/CVE-2021-3223,0,,CVE-2021-3223,1283,1815
/Users/elza/Documents/Final_Dataset/Graph_files/ci_secure/CVE-2021-34078,,0,CVE-2021-34078,1180,1741
/Users/elza/Documents/Final_Dataset/Graph_files/ci_secure/CVE-2021-4329,,0,CVE-2021-4329,3368,5103
/Users/elza/Documents/Final_Dataset/Graph_files/pt_secure/CVE-2021-43788,0,,CVE-2021-43788,640,904
/Users/elza/Documents/Final_Dataset/Graph_files/pt_secure/CVE-2022-0436,0,,CVE-2022-0436,3764,5669
/Users/elza/Documents/Final_Dataset/Graph_files/ci_secure/CVE-2022-21191,,0,CVE-2022-21191,1158,1808
/Users/elza/Documents/Final_Dataset/Graph_files/pt_secure/CVE-2022-21192,0,,CVE-2022-21192,1251,1866
/Users/elza/Documents/Final_Dataset/Graph_files/ci_secure/CVE-2022-24433,,0,CVE-2022-24433,160,228
/Users/elza/Documents/Final_Dataset/Graph_files/pt_secure/CVE-2022-25937,0,,CVE-2022-25937,1411,2078
/Users/elza/Documents/Final_Dataset/Graph_files/ci_secure/CVE-2022-40764,,0,CVE-2022-40764,0,0
/Users/elza/Documents/Final_Dataset/Graph_files/ci_secure/CVE-2023-26156,,0,CVE-2023-26156,468,680
/Users/elza/Documents/Final_Dataset/Graph_files/pt_secure/CVE-2023-31718,0,,CVE-2023-31718,1197,1714
/Users/elza/Documents/Final_Dataset/Graph_files/pt_secure/CVE-2023-3348,0,,CVE-2023-3348,0,0
/Users/elza/Documents/Final_Dataset/Graph_files/pt_secure/CVE-2023-39584,0,,CVE-2023-39584,448,641
/Users/elza/Documents/Final_Dataset/Graph_files/ci_secure/CVE-2023-40582,,0,CVE-2023-40582,245,354
/Users/elza/Documents/Final_Dataset/Graph_files/pt_secure/CVE-2023-46496,0,,CVE-2023-46496,361,509
/Users/elza/Documents/Final_Dataset/Graph_files/ci_secure/CVE-2024-21488,,0,CVE-2024-21488,812,1209
/Users/elza/Documents/Final_Dataset/Graph_files/ci_secure/CVE-2025-9262,,0,CVE-2025-9262,33,40
/Users/elza/Documents/Final_Dataset/Graph_files/ci_secure/CodeCritique,,0,CodeCritique,0,0
/Users/elza/Documents/Final_Dataset/Graph_files/pt_secure/Collegemanagementsystem_js,0,,Collegemanagementsystem_js,0,0
/Users/elza/Documents/Final_Dataset/Graph_files/pt_secure/DCSOlympus,0,,DCSOlympus,773,1153
/Users/elza/Documents/Final_Dataset/Graph_files/pt_secure/Department-Management-System,0,,Department-Management-System,353,495
/Users/elza/Documents/Final_Dataset/Graph_files/ci_secure/Ecomm-Template,,0,Ecomm-Template,219,317
/Users/elza/Documents/Final_Dataset/Graph_files/pt_secure/FreightConnect,0,,FreightConnect,0,0
/Users/elza/Documents/Final_Dataset/Graph_files/pt_secure/HES-Vault-API,0,,HES-Vault-API,640,936
/Users/elza/Documents/Final_Dataset/Graph_files/pt_secure/ITP,0,,ITP,404,583
/Users/elza/Documents/Final_Dataset/Graph_files/ci_secure/Intelligent-Customer-Support-Ticket-Classifier,,0,Intelligent-Customer-Support-Ticket-Classifier,0,0
/Users/elza/Documents/Final_Dataset/Graph_files/ci_secure/Learn-Python,,0,Learn-Python,445,637
/Users/elza/Documents/Final_Dataset/Graph_files/pt_secure/MMGIS,0,,MMGIS,1594,2343
/Users/elza/Documents/Final_Dataset/Graph_files/ci_secure/ModBot,,0,ModBot,821,1155
/Users/elza/Documents/Final_Dataset/Graph_files/ci_secure/NodeJS-child-preocess,,0,NodeJS-child-preocess,0,0
/Users/elza/Documents/Final_Dataset/Graph_files/ci_secure/Pilothouse,,0,Pilothouse,843,1200
/Users/elza/Documents/Final_Dataset/Graph_files/pt_secure/PooledWebSocket,0,,PooledWebSocket,438,641
/Users/elza/Documents/Final_Dataset/Graph_files/pt_secure/RSS-Rehost-Proxy-Server,0,,RSS-Rehost-Proxy-Server,0,0
/Users/elza/Documents/Final_Dataset/Graph_files/pt_secure/School-Essential-website-E-commerce,0,,School-Essential-website-E-commerce,0,0
/Users/elza/Documents/Final_Dataset/Graph_files/pt_secure/SeanPesce,0,,SeanPesce,455,688
/Users/elza/Documents/Final_Dataset/Graph_files/ci_secure/Stigmergy,,0,Stigmergy,421,594
/Users/elza/Documents/Final_Dataset/Graph_files/ci_secure/Tunified,,0,Tunified,0,0
/Users/elza/Documents/Final_Dataset/Graph_files/ci_secure/YoutubeDL-Material,,0,YoutubeDL-Material,950,1403
/Users/elza/Documents/Final_Dataset/Graph_files/pt_secure/abwesenheiten-count,0,,abwesenheiten-count,8,9
/Users/elza/Documents/Final_Dataset/Graph_files/ci_secure/addax-1.0.6,,0,addax-1.0.6,472,698
/Users/elza/Documents/Final_Dataset/Graph_files/ci_secure/admincraft-websocket,,0,admincraft-websocket,1482,2174
/Users/elza/Documents/Final_Dataset/Graph_files/pt_secure/am-todos,0,,am-todos,0,0
/Users/elza/Documents/Final_Dataset/Graph_files/pt_secure/angular-http-server_1.0.0,0,,angular-http-server_1.0.0,871,1312
/Users/elza/Documents/Final_Dataset/Graph_files/pt_secure/anya-core,0,,anya-core,0,0
/Users/elza/Documents/Final_Dataset/Graph_files/ci_secure/aoi,,0,aoi,443,617
/Users/elza/Documents/Final_Dataset/Graph_files/ci_secure/aoi_checkout,,0,aoi_checkout,0,0
/Users/elza/Documents/Final_Dataset/Graph_files/ci_secure/apex-publish-static-files_2.0.0,,0,apex-publish-static-files_2.0.0,620,913
/Users/elza/Documents/Final_Dataset/Graph_files/pt_secure/app-state-diagram,0,,app-state-diagram,586,875
/Users/elza/Documents/Final_Dataset/Graph_files/pt_secure/applying-service-standards,0,,applying-service-standards,1641,2368
/Users/elza/Documents/Final_Dataset/Graph_files/ci_secure/arpping_2.0.0,,0,arpping_2.0.0,0,0
/Users/elza/Documents/Final_Dataset/Graph_files/ci_secure/ass,,0,ass,680,993
/Users/elza/Documents/Final_Dataset/Graph_files/ci_secure/async-git_1.13.1,,0,async-git_1.13.1,160,226
/Users/elza/Documents/Final_Dataset/Graph_files/ci_secure/atom-latex-plus,,0,atom-latex-plus,11,14
/Users/elza/Documents/Final_Dataset/Graph_files/pt_secure/attack-simulation,0,,attack-simulation,367,545
/Users/elza/Documents/Final_Dataset/Graph_files/ci_secure/audio_transcode_cli,,0,audio_transcode_cli,0,0
/Users/elza/Documents/Final_Dataset/Graph_files/pt_secure/audiobookshelf,0,,audiobookshelf,627,926
/Users/elza/Documents/Final_Dataset/Graph_files/ci_secure/auditly,,0,auditly,0,0
/Users/elza/Documents/Final_Dataset/Graph_files/pt_secure/babel,0,,babel,0,0
/Users/elza/Documents/Final_Dataset/Graph_files/ci_secure/backup_cli,,0,backup_cli,0,0
/Users/elza/Documents/Final_Dataset/Graph_files/ci_secure/bestzip_2.1.6,,0,bestzip_2.1.6,1111,1696
/Users/elza/Documents/Final_Dataset/Graph_files/ci_secure/bigcommerce-api-js,,0,bigcommerce-api-js,0,0
/Users/elza/Documents/Final_Dataset/Graph_files/pt_secure/bin-links,0,,bin-links,1847,2810
/Users/elza/Documents/Final_Dataset/Graph_files/pt_secure/birdnet-go,0,,birdnet-go,408,614
/Users/elza/Documents/Final_Dataset/Graph_files/pt_secure/blofin-api-docs,0,,blofin-api-docs,415,588
/Users/elza/Documents/Final_Dataset/Graph_files/pt_secure/brainstorm,0,,brainstorm,568,844
/Users/elza/Documents/Final_Dataset/Graph_files/ci_secure/calypso-live-branches,,0,calypso-live-branches,1622,2413
/Users/elza/Documents/Final_Dataset/Graph_files/ci_secure/cert_helper_cli,,0,cert_helper_cli,0,0
/Users/elza/Documents/Final_Dataset/Graph_files/pt_secure/cf-auto-deploy-worker,0,,cf-auto-deploy-worker,613,813
/Users/elza/Documents/Final_Dataset/Graph_files/pt_secure/chat,0,,chat,0,0
/Users/elza/Documents/Final_Dataset/Graph_files/ci_secure/chat-web,,0,chat-web,558,815
/Users/elza/Documents/Final_Dataset/Graph_files/pt_secure/chess-pwa,0,,chess-pwa,212,294
/Users/elza/Documents/Final_Dataset/Graph_files/pt_secure/cinema,0,,cinema,286,394
/Users/elza/Documents/Final_Dataset/Graph_files/ci_secure/civilservant,,0,civilservant,271,385
/Users/elza/Documents/Final_Dataset/Graph_files/ci_secure/ckeditor5-dev,,0,ckeditor5-dev,154,235
/Users/elza/Documents/Final_Dataset/Graph_files/ci_secure/clamscan_1.2.0,,0,clamscan_1.2.0,15351,22519
/Users/elza/Documents/Final_Dataset/Graph_files/pt_secure/claude-code-context-command,0,,claude-code-context-command,0,0
/Users/elza/Documents/Final_Dataset/Graph_files/pt_secure/claude-flow,0,,claude-flow,0,0
/Users/elza/Documents/Final_Dataset/Graph_files/pt_secure/client,0,,client,0,0
/Users/elza/Documents/Final_Dataset/Graph_files/ci_secure/codecov_3.6.4,,0,codecov_3.6.4,3673,5320
/Users/elza/Documents/Final_Dataset/Graph_files/pt_secure/coesite4,0,,coesite4,1483,2221
/Users/elza/Documents/Final_Dataset/Graph_files/pt_secure/comebacktwitterembed,0,,comebacktwitterembed,1319,2045
/Users/elza/Documents/Final_Dataset/Graph_files/ci_secure/command-exists-1.2.2,,0,command-exists-1.2.2,789,1206
/Users/elza/Documents/Final_Dataset/Graph_files/pt_secure/companion,0,,companion,635,917
/Users/elza/Documents/Final_Dataset/Graph_files/ci_secure/connection-tester_0.2.0,,0,connection-tester_0.2.0,703,1035
/Users/elza/Documents/Final_Dataset/Graph_files/ci_secure/contexify,,0,contexify,0,0
/Users/elza/Documents/Final_Dataset/Graph_files/ci_secure/convert_http,,0,convert_http,379,544
/Users/elza/Documents/Final_Dataset/Graph_files/pt_secure/costswebpage,0,,costswebpage,1463,2136
/Users/elza/Documents/Final_Dataset/Graph_files/ci_secure/create-flow-pkg,,0,create-flow-pkg,905,1303
/Users/elza/Documents/Final_Dataset/Graph_files/ci_secure/create-ts-project,,0,create-ts-project,0,0
/Users/elza/Documents/Final_Dataset/Graph_files/ci_secure/critgenius-listener,,0,critgenius-listener,836,1252
/Users/elza/Documents/Final_Dataset/Graph_files/ci_secure/cron_manager_http,,0,cron_manager_http,0,0
/Users/elza/Documents/Final_Dataset/Graph_files/pt_secure/crud-file-server_0.7.0,0,,crud-file-server_0.7.0,2432,3836
/Users/elza/Documents/Final_Dataset/Graph_files/ci_secure/curl_http,,0,curl_http,0,0
/Users/elza/Documents/Final_Dataset/Graph_files/ci_secure/curling_0.2.0,,0,curling_0.2.0,1062,1598
/Users/elza/Documents/Final_Dataset/Graph_files/ci_secure/db_dump,,0,db_dump,0,0
/Users/elza/Documents/Final_Dataset/Graph_files/pt_secure/decompress,0,,decompress,1433,2212
/Users/elza/Documents/Final_Dataset/Graph_files/ci_secure/deploy_bot,,0,deploy_bot,0,0
/Users/elza/Documents/Final_Dataset/Graph_files/pt_secure/derby,0,,derby,0,0
/Users/elza/Documents/Final_Dataset/Graph_files/ci_secure/devrev-snapin,,0,devrev-snapin,809,1177
/Users/elza/Documents/Final_Dataset/Graph_files/pt_secure/devtool,0,,devtool,1219,1817
/Users/elza/Documents/Final_Dataset/Graph_files/ci_secure/diskstats_0.0.2,,0,diskstats_0.0.2,1171,1737
/Users/elza/Documents/Final_Dataset/Graph_files/ci_secure/diskusage-ng_0.2.6,,0,diskusage-ng_0.2.6,336,492
/Users/elza/Documents/Final_Dataset/Graph_files/ci_secure/dns-sync_0.1.0,,0,dns-sync_0.1.0,239,349
/Users/elza/Documents/Final_Dataset/Graph_files/ci_secure/docker-texlive,,0,docker-texlive,0,0
/Users/elza/Documents/Final_Dataset/Graph_files/ci_secure/docker_helper_cli,,0,docker_helper_cli,0,0
/Users/elza/Documents/Final_Dataset/Graph_files/ci_secure/docker_logs_tail,,0,docker_logs_tail,176,259
/Users/elza/Documents/Final_Dataset/Graph_files/ci_secure/ecartebleue-cli-api,,0,ecartebleue-cli-api,407,584
/Users/elza/Documents/Final_Dataset/Graph_files/pt_secure/ecommerce-backend,0,,ecommerce-backend,263,371
/Users/elza/Documents/Final_Dataset/Graph_files/ci_secure/egg-scripts,,0,egg-scripts,2107,3094
/Users/elza/Documents/Final_Dataset/Graph_files/pt_secure/electron-bitnet,0,,electron-bitnet,0,0
/Users/elza/Documents/Final_Dataset/Graph_files/pt_secure/emerald-plant-tracker,0,,emerald-plant-tracker,3333,4932
/Users/elza/Documents/Final_Dataset/Graph_files/pt_secure/enspira,0,,enspira,615,869
/Users/elza/Documents/Final_Dataset/Graph_files/ci_secure/entitlements,,0,entitlements,119,170
/Users/elza/Documents/Final_Dataset/Graph_files/ci_secure/ese-companion,,0,ese-companion,330,485
/Users/elza/Documents/Final_Dataset/Graph_files/pt_secure/eslint-plugin,0,,eslint-plugin,0,0
/Users/elza/Documents/Final_Dataset/Graph_files/ci_secure/execSync_git_chekout,,0,execSync_git_chekout,0,0
/Users/elza/Documents/Final_Dataset/Graph_files/pt_secure/express,0,,express,4329,6485
/Users/elza/Documents/Final_Dataset/Graph_files/pt_secure/express-routeless-mvc,0,,express-routeless-mvc,0,0
/Users/elza/Documents/Final_Dataset/Graph_files/pt_secure/express-static-gzip,0,,express-static-gzip,999,1509
/Users/elza/Documents/Final_Dataset/Graph_files/pt_secure/expressjs-serve-index,0,,expressjs-serve-index,4233,6184
/Users/elza/Documents/Final_Dataset/Graph_files/pt_secure/extract-zip,0,,extract-zip,0,0
/Users/elza/Documents/Final_Dataset/Graph_files/ci_secure/ezbake,,0,ezbake,854,1284
/Users/elza/Documents/Final_Dataset/Graph_files/pt_secure/fallback-studio,0,,fallback-studio,337,491
/Users/elza/Documents/Final_Dataset/Graph_files/pt_secure/fast-http_0.1.3,0,,fast-http_0.1.3,564,832
/Users/elza/Documents/Final_Dataset/Graph_files/pt_secure/fastify-send,0,,fastify-send,0,0
/Users/elza/Documents/Final_Dataset/Graph_files/pt_secure/fastify-static,0,,fastify-static,0,0
/Users/elza/Documents/Final_Dataset/Graph_files/ci_secure/ffmpeg_transcode,,0,ffmpeg_transcode,244,378
/Users/elza/Documents/Final_Dataset/Graph_files/pt_secure/filenamify,0,,filenamify,12,14
/Users/elza/Documents/Final_Dataset/Graph_files/ci_secure/find-process_1.4.4,,0,find-process_1.4.4,753,1119
/Users/elza/Documents/Final_Dataset/Graph_files/pt_secure/firebase-superstatic,0,,firebase-superstatic,0,0
/Users/elza/Documents/Final_Dataset/Graph_files/pt_secure/fixed-config-manager,0,,fixed-config-manager,0,0
/Users/elza/Documents/Final_Dataset/Graph_files/pt_secure/fixed-express-glob-download,0,,fixed-express-glob-download,0,0
/Users/elza/Documents/Final_Dataset/Graph_files/pt_secure/fixed-image-resizer,0,,fixed-image-resizer,0,0
/Users/elza/Documents/Final_Dataset/Graph_files/pt_secure/fixed-m3u-playlist-streamer,0,,fixed-m3u-playlist-streamer,0,0
/Users/elza/Documents/Final_Dataset/Graph_files/pt_secure/fixed-notebook-renderer,0,,fixed-notebook-renderer,0,0
/Users/elza/Documents/Final_Dataset/Graph_files/pt_secure/fixed-static-brotli,0,,fixed-static-brotli,624,918
/Users/elza/Documents/Final_Dataset/Graph_files/pt_secure/fixed-zip-extract,0,,fixed-zip-extract,0,0
/Users/elza/Documents/Final_Dataset/Graph_files/pt_secure/fixed_express_file_browser_downloader,0,,fixed_express_file_browser_downloader,0,0
/Users/elza/Documents/Final_Dataset/Graph_files/pt_secure/fyt-bus-packet-generator,0,,fyt-bus-packet-generator,0,0
/Users/elza/Documents/Final_Dataset/Graph_files/ci_secure/gang,,0,gang,407,583
/Users/elza/Documents/Final_Dataset/Graph_files/pt_secure/geddy,0,,geddy,2490,3656
/Users/elza/Documents/Final_Dataset/Graph_files/pt_secure/gemini-mcp,0,,gemini-mcp,241,332
/Users/elza/Documents/Final_Dataset/Graph_files/ci_secure/get-npm-package-version_1.0.6,,0,get-npm-package-version_1.0.6,189,276
/Users/elza/Documents/Final_Dataset/Graph_files/ci_secure/git-branch-view,,0,git-branch-view,0,0
/Users/elza/Documents/Final_Dataset/Graph_files/ci_secure/git-cz,,0,git-cz,586,837
/Users/elza/Documents/Final_Dataset/Graph_files/ci_secure/git-parse_1.0.4,,0,git-parse_1.0.4,252,354
/Users/elza/Documents/Final_Dataset/Graph_files/ci_secure/git-tags-remote_1.0.2,,0,git-tags-remote_1.0.2,540,793
/Users/elza/Documents/Final_Dataset/Graph_files/ci_secure/git_hook_http,,0,git_hook_http,389,555
/Users/elza/Documents/Final_Dataset/Graph_files/ci_secure/git_web,,0,git_web,0,0
/Users/elza/Documents/Final_Dataset/Graph_files/ci_secure/giting_0.0.7,,0,giting_0.0.7,2247,3268
/Users/elza/Documents/Final_Dataset/Graph_files/pt_secure/glance_3.0.0,0,,glance_3.0.0,1097,1605
/Users/elza/Documents/Final_Dataset/Graph_files/ci_secure/gm_1.20.0,,0,gm_1.20.0,688,1009
/Users/elza/Documents/Final_Dataset/Graph_files/pt_secure/goodpawiesUI,0,,goodpawiesUI,0,0
/Users/elza/Documents/Final_Dataset/Graph_files/ci_secure/granola-cli,,0,granola-cli,0,0
/Users/elza/Documents/Final_Dataset/Graph_files/pt_secure/graphcap,0,,graphcap,483,689
/Users/elza/Documents/Final_Dataset/Graph_files/pt_secure/graphql-mesh,0,,graphql-mesh,615,889
/Users/elza/Documents/Final_Dataset/Graph_files/ci_secure/grep_logs,,0,grep_logs,0,0
/Users/elza/Documents/Final_Dataset/Graph_files/ci_secure/grep_search,,0,grep_search,255,382
/Users/elza/Documents/Final_Dataset/Graph_files/ci_secure/growl_1.9.0,,0,growl_1.9.0,1803,2639
/Users/elza/Documents/Final_Dataset/Graph_files/ci_secure/gry_5.0.8,,0,gry_5.0.8,1250,1872
/Users/elza/Documents/Final_Dataset/Graph_files/ci_secure/gulp-git,,0,gulp-git,1029,1545
/Users/elza/Documents/Final_Dataset/Graph_files/ci_secure/gulp-gitrm,,0,gulp-gitrm,284,414
/Users/elza/Documents/Final_Dataset/Graph_files/ci_secure/gulp-scss-lint,,0,gulp-scss-lint,874,1258
/Users/elza/Documents/Final_Dataset/Graph_files/ci_secure/gulp-styledocco,,0,gulp-styledocco,547,804
/Users/elza/Documents/Final_Dataset/Graph_files/ci_secure/hackthon,,0,hackthon,0,0
/Users/elza/Documents/Final_Dataset/Graph_files/pt_secure/hangersteak_0.2.2,0,,hangersteak_0.2.2,0,0
/Users/elza/Documents/Final_Dataset/Graph_files/pt_secure/hapijs-directory,0,,hapijs-directory,0,0
/Users/elza/Documents/Final_Dataset/Graph_files/pt_secure/hapijs_file,0,,hapijs_file,0,0
/Users/elza/Documents/Final_Dataset/Graph_files/pt_secure/hostr_2.0.0,0,,hostr_2.0.0,700,1031
/Users/elza/Documents/Final_Dataset/Graph_files/ci_secure/hot-formula-parser_3.0.0,,0,hot-formula-parser_3.0.0,10744,14922
/Users/elza/Documents/Final_Dataset/Graph_files/pt_secure/http-live-simulator_1.0.0,0,,http-live-simulator_1.0.0,1054,1571
/Users/elza/Documents/Final_Dataset/Graph_files/ci_secure/im-metadata_3.0.1,,0,im-metadata_3.0.1,851,1360
/Users/elza/Documents/Final_Dataset/Graph_files/ci_secure/im-resize_2.3.2,,0,im-resize_2.3.2,1189,1707
/Users/elza/Documents/Final_Dataset/Graph_files/ci_secure/image_convert,,0,image_convert,0,0
/Users/elza/Documents/Final_Dataset/Graph_files/pt_secure/imageserver,0,,imageserver,620,883
/Users/elza/Documents/Final_Dataset/Graph_files/pt_secure/indirect,0,,indirect,306,438
/Users/elza/Documents/Final_Dataset/Graph_files/pt_secure/ipx,0,,ipx,321,465
/Users/elza/Documents/Final_Dataset/Graph_files/pt_secure/is-path-inside,0,,is-path-inside,6,5
/Users/elza/Documents/Final_Dataset/Graph_files/pt_secure/jasmine-etc,0,,jasmine-etc,506,754
/Users/elza/Documents/Final_Dataset/Graph_files/pt_secure/jquery-fileupload-middleware,0,,jquery-fileupload-middleware,488,697
/Users/elza/Documents/Final_Dataset/Graph_files/ci_secure/json_to_spss,,0,json_to_spss,819,1079
/Users/elza/Documents/Final_Dataset/Graph_files/ci_secure/kalabox-cli,,0,kalabox-cli,1270,1903
/Users/elza/Documents/Final_Dataset/Graph_files/pt_secure/kg-memory-mcp,0,,kg-memory-mcp,0,0
/Users/elza/Documents/Final_Dataset/Graph_files/ci_secure/kill-by-port_0.0.1,,0,kill-by-port_0.0.1,85,122
/Users/elza/Documents/Final_Dataset/Graph_files/ci_secure/killport_1.0.1,,0,killport_1.0.1,376,553
/Users/elza/Documents/Final_Dataset/Graph_files/pt_secure/kiwe,0,,kiwe,253,364
/Users/elza/Documents/Final_Dataset/Graph_files/pt_secure/koajs,0,,koajs,0,0
/Users/elza/Documents/Final_Dataset/Graph_files/ci_secure/ksuid,,0,ksuid,763,1128
/Users/elza/Documents/Final_Dataset/Graph_files/ci_secure/kubectl,,0,kubectl,226,347
/Users/elza/Documents/Final_Dataset/Graph_files/ci_secure/kubectl_cli,,0,kubectl_cli,222,318
/Users/elza/Documents/Final_Dataset/Graph_files/pt_secure/ladle,0,,ladle,988,1379
/Users/elza/Documents/Final_Dataset/Graph_files/ci_secure/latex_builder_http,,0,latex_builder_http,0,0
/Users/elza/Documents/Final_Dataset/Graph_files/ci_secure/laurent-portfolio,,0,laurent-portfolio,0,0
/Users/elza/Documents/Final_Dataset/Graph_files/pt_secure/lerian-mcp-server,0,,lerian-mcp-server,0,0
/Users/elza/Documents/Final_Dataset/Graph_files/ci_secure/libnmap_0.4.11,,0,libnmap_0.4.11,1060,1565
/Users/elza/Documents/Final_Dataset/Graph_files/ci_secure/linux-win-pos,,0,linux-win-pos,1223,1791
/Users/elza/Documents/Final_Dataset/Graph_files/ci_secure/little-bit,,0,little-bit,1204,1753
/Users/elza/Documents/Final_Dataset/Graph_files/ci_secure/living-papers,,0,living-papers,223,319
/Users/elza/Documents/Final_Dataset/Graph_files/ci_secure/local-devices_2.0.0,,0,local-devices_2.0.0,997,1509
/Users/elza/Documents/Final_Dataset/Graph_files/pt_secure/louder-quiter-game,0,,louder-quiter-game,546,789
/Users/elza/Documents/Final_Dataset/Graph_files/pt_secure/m-server_1.4.0,0,,m-server_1.4.0,791,1205
/Users/elza/Documents/Final_Dataset/Graph_files/ci_secure/macaddress_0.2.8,,0,macaddress_0.2.8,130,188
/Users/elza/Documents/Final_Dataset/Graph_files/pt_secure/marejs,0,,marejs,0,0
/Users/elza/Documents/Final_Dataset/Graph_files/pt_secure/mb4-service,0,,mb4-service,0,0
/Users/elza/Documents/Final_Dataset/Graph_files/ci_secure/meetwise,,0,meetwise,0,0
/Users/elza/Documents/Final_Dataset/Graph_files/pt_secure/memory-graph-interface,0,,memory-graph-interface,882,1294
/Users/elza/Documents/Final_Dataset/Graph_files/ci_secure/merajutasa.id,,0,merajutasa.id,0,0
/Users/elza/Documents/Final_Dataset/Graph_files/ci_secure/meta-git_1.1.3,,0,meta-git_1.1.3,385,554
/Users/elza/Documents/Final_Dataset/Graph_files/pt_secure/meteor-tomi-upload-server,0,,meteor-tomi-upload-server,4331,6534
/Users/elza/Documents/Final_Dataset/Graph_files/ci_secure/mia-body,,0,mia-body,373,554
/Users/elza/Documents/Final_Dataset/Graph_files/pt_secure/modelcontextprotocol,0,,modelcontextprotocol,0,0
/Users/elza/Documents/Final_Dataset/Graph_files/pt_secure/moedict-webkit,0,,moedict-webkit,1363,2119
/Users/elza/Documents/Final_Dataset/Graph_files/pt_secure/monopoly-ia-matchup,0,,monopoly-ia-matchup,7,7
/Users/elza/Documents/Final_Dataset/Graph_files/pt_secure/mpdisco,0,,mpdisco,2131,3097
/Users/elza/Documents/Final_Dataset/Graph_files/pt_secure/mrbbot,0,,mrbbot,0,0
/Users/elza/Documents/Final_Dataset/Graph_files/pt_secure/multer,0,,multer,525,762
/Users/elza/Documents/Final_Dataset/Graph_files/pt_secure/multi-agent-claude,0,,multi-agent-claude,5201,7496
/Users/elza/Documents/Final_Dataset/Graph_files/ci_secure/multibase,,0,multibase,0,0
/Users/elza/Documents/Final_Dataset/Graph_files/ci_secure/mversion,,0,mversion,582,875
/Users/elza/Documents/Final_Dataset/Graph_files/ci_secure/mysqldump_cli,,0,mysqldump_cli,207,300
/Users/elza/Documents/Final_Dataset/Graph_files/pt_secure/nestflix,0,,nestflix,0,0
/Users/elza/Documents/Final_Dataset/Graph_files/ci_secure/ng-packagr,,0,ng-packagr,0,0
/Users/elza/Documents/Final_Dataset/Graph_files/ci_secure/node-gitlab-hook,,0,node-gitlab-hook,2453,3613
/Users/elza/Documents/Final_Dataset/Graph_files/ci_secure/node-opencv,,0,node-opencv,568,847
/Users/elza/Documents/Final_Dataset/Graph_files/ci_secure/node-rules,,0,node-rules,1154,1684
/Users/elza/Documents/Final_Dataset/Graph_files/ci_secure/node-samba-client,,0,node-samba-client,1274,1815
/Users/elza/Documents/Final_Dataset/Graph_files/pt_secure/node-sanitize-filename,0,,node-sanitize-filename,172,261
/Users/elza/Documents/Final_Dataset/Graph_files/ci_secure/node-shell-find,,0,node-shell-find,600,867
/Users/elza/Documents/Final_Dataset/Graph_files/pt_secure/node-simple-router_0.10.0,0,,node-simple-router_0.10.0,13343,20112
/Users/elza/Documents/Final_Dataset/Graph_files/pt_secure/node-srv_2.0.0,0,,node-srv_2.0.0,3475,5156
/Users/elza/Documents/Final_Dataset/Graph_files/pt_secure/node-static,0,,node-static,0,0
/Users/elza/Documents/Final_Dataset/Graph_files/pt_secure/node-stream-zip,0,,node-stream-zip,9983,14738
/Users/elza/Documents/Final_Dataset/Graph_files/ci_secure/node-tree-kill,,0,node-tree-kill,694,1068
/Users/elza/Documents/Final_Dataset/Graph_files/pt_secure/node-unzipper,0,,node-unzipper,427,627
/Users/elza/Documents/Final_Dataset/Graph_files/pt_secure/node_app,0,,node_app,0,0
/Users/elza/Documents/Final_Dataset/Graph_files/pt_secure/nodensfwjsAPI,0,,nodensfwjsAPI,3531,5111
/Users/elza/Documents/Final_Dataset/Graph_files/ci_secure/npm-adblock,,0,npm-adblock,1048,1544
/Users/elza/Documents/Final_Dataset/Graph_files/ci_secure/npm_proxy_cli,,0,npm_proxy_cli,0,0
/Users/elza/Documents/Final_Dataset/Graph_files/ci_secure/npm_publish,,0,npm_publish,186,271
/Users/elza/Documents/Final_Dataset/Graph_files/pt_secure/obsidian-ai-curator,0,,obsidian-ai-curator,11,12
/Users/elza/Documents/Final_Dataset/Graph_files/ci_secure/one-stop-marketing,,0,one-stop-marketing,411,621
/Users/elza/Documents/Final_Dataset/Graph_files/ci_secure/open-town-meeting,,0,open-town-meeting,764,1105
/Users/elza/Documents/Final_Dataset/Graph_files/ci_secure/open_0.0.5,,0,open_0.0.5,0,0
/Users/elza/Documents/Final_Dataset/Graph_files/ci_secure/opened,,0,opened,1980,2982
/Users/elza/Documents/Final_Dataset/Graph_files/ci_secure/openssl_digest_check,,0,openssl_digest_check,177,263
/Users/elza/Documents/Final_Dataset/Graph_files/pt_secure/pages,0,,pages,0,0
/Users/elza/Documents/Final_Dataset/Graph_files/ci_secure/pangolin-managment-bot,,0,pangolin-managment-bot,724,1027
/Users/elza/Documents/Final_Dataset/Graph_files/pt_secure/path-is-inside,0,,path-is-inside,195,285
/Users/elza/Documents/Final_Dataset/Graph_files/pt_secure/path-sanitizer,0,,path-sanitizer,15,15
/Users/elza/Documents/Final_Dataset/Graph_files/ci_secure/pdf-image_1.0.5,,0,pdf-image_1.0.5,1952,2898
/Users/elza/Documents/Final_Dataset/Graph_files/ci_secure/pdf_gen,,0,pdf_gen,0,0
/Users/elza/Documents/Final_Dataset/Graph_files/ci_secure/pdftotext_cli,,0,pdftotext_cli,200,293
/Users/elza/Documents/Final_Dataset/Graph_files/pt_secure/photolive-obs,0,,photolive-obs,0,0
/Users/elza/Documents/Final_Dataset/Graph_files/pt_secure/pico-static-server_2.3.4,0,,pico-static-server_2.3.4,0,0
/Users/elza/Documents/Final_Dataset/Graph_files/pt_secure/picpeak,0,,picpeak,1292,1815
/Users/elza/Documents/Final_Dataset/Graph_files/ci_secure/pidusage_1.0.0,,0,pidusage_1.0.0,1747,2559
/Users/elza/Documents/Final_Dataset/Graph_files/ci_secure/ping_tool,,0,ping_tool,0,0
/Users/elza/Documents/Final_Dataset/Graph_files/ci_secure/playwright-framework,,0,playwright-framework,0,0
/Users/elza/Documents/Final_Dataset/Graph_files/pt_secure/pocket-engineer,0,,pocket-engineer,753,1116
/Users/elza/Documents/Final_Dataset/Graph_files/ci_secure/portfolio,,0,portfolio,0,0
/Users/elza/Documents/Final_Dataset/Graph_files/ci_secure/portprocesses_1.0.4,,0,portprocesses_1.0.4,705,1027
/Users/elza/Documents/Final_Dataset/Graph_files/pt_secure/promptfoo,0,,promptfoo,2615,3696
/Users/elza/Documents/Final_Dataset/Graph_files/ci_secure/ps_0.0.2,,0,ps_0.0.2,995,1481
/Users/elza/Documents/Final_Dataset/Graph_files/ci_secure/pullit,,0,pullit,753,1068
/Users/elza/Documents/Final_Dataset/Graph_files/pt_secure/pyrite,0,,pyrite,0,0
/Users/elza/Documents/Final_Dataset/Graph_files/pt_secure/pyrite_groups,0,,pyrite_groups,0,0
/Users/elza/Documents/Final_Dataset/Graph_files/pt_secure/quartorium,0,,quartorium,0,0
/Users/elza/Documents/Final_Dataset/Graph_files/ci_secure/radare2-extras,,0,radare2-extras,1810,2867
/Users/elza/Documents/Final_Dataset/Graph_files/ci_secure/rails-auto-migrate,,0,rails-auto-migrate,540,807
/Users/elza/Documents/Final_Dataset/Graph_files/pt_secure/rctf-server,0,,rctf-server,805,1169
/Users/elza/Documents/Final_Dataset/Graph_files/ci_secure/react-dev-utils_11.0.0,,0,react-dev-utils_11.0.0,417,629
/Users/elza/Documents/Final_Dataset/Graph_files/ci_secure/reg-keygen-git-hash-plugin,,0,reg-keygen-git-hash-plugin,455,647
/Users/elza/Documents/Final_Dataset/Graph_files/ci_secure/renovate,,0,renovate,0,0
/Users/elza/Documents/Final_Dataset/Graph_files/pt_secure/rerun,0,,rerun,0,0
/Users/elza/Documents/Final_Dataset/Graph_files/pt_secure/resolve_path,0,,resolve_path,315,465
/Users/elza/Documents/Final_Dataset/Graph_files/ci_secure/rest-base,,0,rest-base,2485,3573
/Users/elza/Documents/Final_Dataset/Graph_files/pt_secure/restify-swagger-jsdoc,0,,restify-swagger-jsdoc,1246,1831
/Users/elza/Documents/Final_Dataset/Graph_files/ci_secure/restore_cli,,0,restore_cli,0,0
/Users/elza/Documents/Final_Dataset/Graph_files/pt_secure/rollup-plugin-serve_0.4.2,0,,rollup-plugin-serve_0.4.2,1094,1647
/Users/elza/Documents/Final_Dataset/Graph_files/pt_secure/rosid,0,,rosid,177,262
/Users/elza/Documents/Final_Dataset/Graph_files/ci_secure/rsync_cli,,0,rsync_cli,159,219
/Users/elza/Documents/Final_Dataset/Graph_files/ci_secure/rsync_push,,0,rsync_push,239,358
/Users/elza/Documents/Final_Dataset/Graph_files/pt_secure/s0va,0,,s0va,73,91
/Users/elza/Documents/Final_Dataset/Graph_files/ci_secure/samsung-remote_1.2.5,,0,samsung-remote_1.2.5,0,0
/Users/elza/Documents/Final_Dataset/Graph_files/ci_secure/scribbly,,0,scribbly,826,1156
/Users/elza/Documents/Final_Dataset/Graph_files/pt_secure/scrollHub,0,,scrollHub,0,0
/Users/elza/Documents/Final_Dataset/Graph_files/pt_secure/secure-programming-template,0,,secure-programming-template,323,453
/Users/elza/Documents/Final_Dataset/Graph_files/pt_secure/send,0,,send,4968,7465
/Users/elza/Documents/Final_Dataset/Graph_files/pt_secure/serve-handler,0,,serve-handler,0,0
/Users/elza/Documents/Final_Dataset/Graph_files/pt_secure/serve-here.js_1.1.0,0,,serve-here.js_1.1.0,648,941
/Users/elza/Documents/Final_Dataset/Graph_files/pt_secure/serve-static,0,,serve-static,913,1351
/Users/elza/Documents/Final_Dataset/Graph_files/pt_secure/servey_2.2.0,0,,servey_2.2.0,2233,3155
/Users/elza/Documents/Final_Dataset/Graph_files/ci_secure/shell-quote,,0,shell-quote,1698,2615
/Users/elza/Documents/Final_Dataset/Graph_files/ci_secure/shell-tag,,0,shell-tag,20,26
/Users/elza/Documents/Final_Dataset/Graph_files/ci_secure/shelljs,,0,shelljs,0,0
/Users/elza/Documents/Final_Dataset/Graph_files/ci_secure/shellkit,,0,shellkit,738,1085
/Users/elza/Documents/Final_Dataset/Graph_files/ci_secure/signalk-server,,0,signalk-server,1327,1883
/Users/elza/Documents/Final_Dataset/Graph_files/pt_secure/simple-waf,0,,simple-waf,0,0
/Users/elza/Documents/Final_Dataset/Graph_files/pt_secure/simpletextreader,0,,simpletextreader,747,1058
/Users/elza/Documents/Final_Dataset/Graph_files/pt_secure/site2rag,0,,site2rag,45,54
/Users/elza/Documents/Final_Dataset/Graph_files/ci_secure/sitemap_fetcher_cli,,0,sitemap_fetcher_cli,0,0
/Users/elza/Documents/Final_Dataset/Graph_files/pt_secure/smartcdn,0,,smartcdn,0,0
/Users/elza/Documents/Final_Dataset/Graph_files/pt_secure/smtprelay,0,,smtprelay,4596,6659
/Users/elza/Documents/Final_Dataset/Graph_files/ci_secure/snail,,0,snail,0,0
/Users/elza/Documents/Final_Dataset/Graph_files/ci_secure/snyk-cocoapods-plugin,,0,snyk-cocoapods-plugin,256,373
/Users/elza/Documents/Final_Dataset/Graph_files/ci_secure/snyk-docker-plugin,,0,snyk-docker-plugin,263,383
/Users/elza/Documents/Final_Dataset/Graph_files/ci_secure/snyk-gradle-plugin,,0,snyk-gradle-plugin,331,487
/Users/elza/Documents/Final_Dataset/Graph_files/ci_secure/snyk-hex-plugin,,0,snyk-hex-plugin,330,483
/Users/elza/Documents/Final_Dataset/Graph_files/ci_secure/snyk-mvn-plugin,,0,snyk-mvn-plugin,432,628
/Users/elza/Documents/Final_Dataset/Graph_files/ci_secure/snyk-python-plugin,,0,snyk-python-plugin,272,392
/Users/elza/Documents/Final_Dataset/Graph_files/ci_secure/snyk-sbt-plugin,,0,snyk-sbt-plugin,594,868
/Users/elza/Documents/Final_Dataset/Graph_files/pt_secure/sonoverse,0,,sonoverse,1034,1512
/Users/elza/Documents/Final_Dataset/Graph_files/pt_secure/sonoverse-middleware,0,,sonoverse-middleware,0,0
/Users/elza/Documents/Final_Dataset/Graph_files/ci_secure/ssh_proxy_http,,0,ssh_proxy_http,445,643
/Users/elza/Documents/Final_Dataset/Graph_files/pt_secure/st,0,,st,5803,8560
/Users/elza/Documents/Final_Dataset/Graph_files/pt_secure/static-site-host,0,,static-site-host,1011,1429
/Users/elza/Documents/Final_Dataset/Graph_files/pt_secure/stattic_0.2.3,0,,stattic_0.2.3,1035,1524
/Users/elza/Documents/Final_Dataset/Graph_files/pt_secure/supabase-auth-js,0,,supabase-auth-js,0,0
/Users/elza/Documents/Final_Dataset/Graph_files/pt_secure/syn-express-log-viewer,0,,syn-express-log-viewer,0,0
/Users/elza/Documents/Final_Dataset/Graph_files/pt_secure/syn-express-secure-file-api,0,,syn-express-secure-file-api,0,0
/Users/elza/Documents/Final_Dataset/Graph_files/pt_secure/syn-fastify-signed-url,0,,syn-fastify-signed-url,0,0
/Users/elza/Documents/Final_Dataset/Graph_files/pt_secure/syn-koa-safe-browser,0,,syn-koa-safe-browser,0,0
/Users/elza/Documents/Final_Dataset/Graph_files/pt_secure/syn-ressendfile,0,,syn-ressendfile,368,537
/Users/elza/Documents/Final_Dataset/Graph_files/ci_secure/sys_runner_http,,0,sys_runner_http,280,400
/Users/elza/Documents/Final_Dataset/Graph_files/ci_secure/sysctl,,0,sysctl,0,0
/Users/elza/Documents/Final_Dataset/Graph_files/ci_secure/systemctl_control,,0,systemctl_control,179,264
/Users/elza/Documents/Final_Dataset/Graph_files/pt_secure/tar-fs,0,,tar-fs,3817,5877
/Users/elza/Documents/Final_Dataset/Graph_files/ci_secure/tar_list_http,,0,tar_list_http,385,562
/Users/elza/Documents/Final_Dataset/Graph_files/ci_secure/targz_extract,,0,targz_extract,193,293
/Users/elza/Documents/Final_Dataset/Graph_files/pt_secure/team-sync,0,,team-sync,3011,4476
/Users/elza/Documents/Final_Dataset/Graph_files/pt_secure/terminalizer,0,,terminalizer,0,0
/Users/elza/Documents/Final_Dataset/Graph_files/ci_secure/terraform-plan,,0,terraform-plan,1513,2219
/Users/elza/Documents/Final_Dataset/Graph_files/pt_secure/testme,0,,testme,2140,3156
/Users/elza/Documents/Final_Dataset/Graph_files/pt_secure/the-fluid-toy,0,,the-fluid-toy,459,656
/Users/elza/Documents/Final_Dataset/Graph_files/ci_secure/thi.ng-egf_0.3.0,,0,thi.ng-egf_0.3.0,4334,6478
/Users/elza/Documents/Final_Dataset/Graph_files/pt_secure/tinyserver2_0.5.2,0,,tinyserver2_0.5.2,393,578
/Users/elza/Documents/Final_Dataset/Graph_files/pt_secure/todo-list,0,,todo-list,604,877
/Users/elza/Documents/Final_Dataset/Graph_files/ci_secure/total.js_3.4.6,,0,total.js_3.4.6,5936,9034
/Users/elza/Documents/Final_Dataset/Graph_files/ci_secure/traceroute-1.0.0,,0,traceroute-1.0.0,788,1152
/Users/elza/Documents/Final_Dataset/Graph_files/ci_secure/trading-sim,,0,trading-sim,566,811
/Users/elza/Documents/Final_Dataset/Graph_files/pt_secure/ts_vite_2025,0,,ts_vite_2025,0,0
/Users/elza/Documents/Final_Dataset/Graph_files/pt_secure/ts_vitest_2025,0,,ts_vitest_2025,0,0
/Users/elza/Documents/Final_Dataset/Graph_files/pt_secure/ubuntu-ai,0,,ubuntu-ai,0,0
/Users/elza/Documents/Final_Dataset/Graph_files/ci_secure/unzip_cli,,0,unzip_cli,208,305
/Users/elza/Documents/Final_Dataset/Graph_files/ci_secure/uptime-kuma,,0,uptime-kuma,0,0
/Users/elza/Documents/Final_Dataset/Graph_files/ci_secure/vbb-graph-computation-server,,0,vbb-graph-computation-server,517,769
/Users/elza/Documents/Final_Dataset/Graph_files/ci_secure/vboxmanage.js_1.0.6,,0,vboxmanage.js_1.0.6,3169,4774
/Users/elza/Documents/Final_Dataset/Graph_files/ci_secure/video_thumbnail_cli,,0,video_thumbnail_cli,0,0
/Users/elza/Documents/Final_Dataset/Graph_files/pt_secure/w11-react-gemini-clone,0,,w11-react-gemini-clone,86,121
/Users/elza/Documents/Final_Dataset/Graph_files/pt_secure/web-node-server_0.1.0,0,,web-node-server_0.1.0,807,1204
/Users/elza/Documents/Final_Dataset/Graph_files/pt_secure/webtech18,0,,webtech18,720,1074
/Users/elza/Documents/Final_Dataset/Graph_files/pt_secure/webvrrocks,0,,webvrrocks,1198,1734
/Users/elza/Documents/Final_Dataset/Graph_files/ci_secure/whereis_0.4.0,,0,whereis_0.4.0,414,602
/Users/elza/Documents/Final_Dataset/Graph_files/ci_secure/widenaturals_erp,,0,widenaturals_erp,0,0
/Users/elza/Documents/Final_Dataset/Graph_files/ci_secure/wifiscanner,,0,wifiscanner,204,283
/Users/elza/Documents/Final_Dataset/Graph_files/pt_secure/wp-capsule,0,,wp-capsule,1479,2211
/Users/elza/Documents/Final_Dataset/Graph_files/ci_secure/writex,,0,writex,1007,1486
/Users/elza/Documents/Final_Dataset/Graph_files/pt_secure/xForum,0,,xForum,1959,2851
/Users/elza/Documents/Final_Dataset/Graph_files/pt_secure/yackage,0,,yackage,1890,2655
/Users/elza/Documents/Final_Dataset/Graph_files/pt_secure/yauzl,0,,yauzl,7564,11614
/Users/elza/Documents/Final_Dataset/Graph_files/pt_secure/yet-another-wiki,0,,yet-another-wiki,0,0
/Users/elza/Documents/Final_Dataset/Graph_files/pt_secure/zero_1.0.6,0,,zero_1.0.6,2180,3185
/Users/elza/Documents/Final_Dataset/Graph_files/ci_secure/zip_list,,0,zip_list,0,0
/Users/elza/Documents/Final_Dataset/Graph_files/ci_secure/zopio,,0,zopio,429,615
/Users/elza/Documents/Final_Dataset/Graph_files/pt_vuln/11xiaoli_1.1.0,1,,11xiaoli_1.1.0,90,128
/Users/elza/Documents/Final_Dataset/Graph_files/pt_vuln/@vivaxy-here_3.1.0,1,,@vivaxy-here_3.1.0,277,405
/Users/elza/Documents/Final_Dataset/Graph_files/ci_vuln/CVE-2021-23330_instance,,1,CVE-2021-23330_instance,1241,1825
/Users/elza/Documents/Final_Dataset/Graph_files/ci_vuln/CVE-2021-23330_version,,1,CVE-2021-23330_version,619,914
/Users/elza/Documents/Final_Dataset/Graph_files/ci_vuln/CVE-2021-23352,,1,CVE-2021-23352,1085,1634
/Users/elza/Documents/Final_Dataset/Graph_files/pt_vuln/CVE-2021-23631,1,,CVE-2021-23631,1869,2741
/Users/elza/Documents/Final_Dataset/Graph_files/pt_vuln/CVE-2021-3223,1,,CVE-2021-3223,1177,1650
/Users/elza/Documents/Final_Dataset/Graph_files/ci_vuln/CVE-2021-34078,,1,CVE-2021-34078,1123,1650
/Users/elza/Documents/Final_Dataset/Graph_files/ci_vuln/CVE-2021-4329,,1,CVE-2021-4329,3345,5065
/Users/elza/Documents/Final_Dataset/Graph_files/pt_vuln/CVE-2021-43788,1,,CVE-2021-43788,617,868
/Users/elza/Documents/Final_Dataset/Graph_files/pt_vuln/CVE-2022-0436,1,,CVE-2022-0436,3563,5355
/Users/elza/Documents/Final_Dataset/Graph_files/ci_vuln/CVE-2022-21191,,1,CVE-2022-21191,1128,1760
/Users/elza/Documents/Final_Dataset/Graph_files/pt_vuln/CVE-2022-21192,1,,CVE-2022-21192,1215,1805
/Users/elza/Documents/Final_Dataset/Graph_files/ci_vuln/CVE-2022-24433,,1,CVE-2022-24433,72,95
/Users/elza/Documents/Final_Dataset/Graph_files/pt_vuln/CVE-2022-25848,1,,CVE-2022-25848,3184,4777
/Users/elza/Documents/Final_Dataset/Graph_files/pt_vuln/CVE-2022-25895,1,,CVE-2022-25895,1544,2248
/Users/elza/Documents/Final_Dataset/Graph_files/pt_vuln/CVE-2022-25937,1,,CVE-2022-25937,1162,1707
/Users/elza/Documents/Final_Dataset/Graph_files/ci_vuln/CVE-2022-40764,,1,CVE-2022-40764,0,0
/Users/elza/Documents/Final_Dataset/Graph_files/pt_vuln/CVE-2023-26111,1,,CVE-2023-26111,0,0
/Users/elza/Documents/Final_Dataset/Graph_files/ci_vuln/CVE-2023-26127,,1,CVE-2023-26127,120,170
/Users/elza/Documents/Final_Dataset/Graph_files/ci_vuln/CVE-2023-26156,,1,CVE-2023-26156,450,650
/Users/elza/Documents/Final_Dataset/Graph_files/pt_vuln/CVE-2023-31718,1,,CVE-2023-31718,893,1276
/Users/elza/Documents/Final_Dataset/Graph_files/pt_vuln/CVE-2023-3348,1,,CVE-2023-3348,0,0
/Users/elza/Documents/Final_Dataset/Graph_files/pt_vuln/CVE-2023-39584,1,,CVE-2023-39584,480,698
/Users/elza/Documents/Final_Dataset/Graph_files/ci_vuln/CVE-2023-40582,,1,CVE-2023-40582,219,317
/Users/elza/Documents/Final_Dataset/Graph_files/pt_vuln/CVE-2023-46496,1,,CVE-2023-46496,300,420
/Users/elza/Documents/Final_Dataset/Graph_files/ci_vuln/CVE-2024-21488,,1,CVE-2024-21488,824,1224
/Users/elza/Documents/Final_Dataset/Graph_files/ci_vuln/CVE-2025-8943,,1,CVE-2025-8943,0,0
/Users/elza/Documents/Final_Dataset/Graph_files/ci_vuln/CVE-2025-9262,,1,CVE-2025-9262,32,38
/Users/elza/Documents/Final_Dataset/Graph_files/ci_vuln/Learn-Python,,1,Learn-Python,333,482
/Users/elza/Documents/Final_Dataset/Graph_files/pt_vuln/LectureExamples_W2025,1,,LectureExamples_W2025,810,1175
/Users/elza/Documents/Final_Dataset/Graph_files/pt_vuln/PooledWebSocket,1,,PooledWebSocket,414,606
/Users/elza/Documents/Final_Dataset/Graph_files/pt_vuln/SymCodeGoat,1,,SymCodeGoat,250,357
/Users/elza/Documents/Final_Dataset/Graph_files/pt_vuln/Workshop-App-Demo-Goof,1,,Workshop-App-Demo-Goof,138,197
/Users/elza/Documents/Final_Dataset/Graph_files/ci_vuln/aaptjs_1.3.1,,1,aaptjs_1.3.1,567,878
/Users/elza/Documents/Final_Dataset/Graph_files/ci_vuln/adb-driver_0.1.8,,1,adb-driver_0.1.8,328,477
/Users/elza/Documents/Final_Dataset/Graph_files/ci_vuln/addax-1.0.6,,1,addax-1.0.6,422,619
/Users/elza/Documents/Final_Dataset/Graph_files/ci_vuln/alfred-workflow-nodejs_2.0.1,,1,alfred-workflow-nodejs_2.0.1,3101,4587
/Users/elza/Documents/Final_Dataset/Graph_files/pt_vuln/angular-http-server_1.0.0,1,,angular-http-server_1.0.0,284,415
/Users/elza/Documents/Final_Dataset/Graph_files/ci_vuln/apex-publish-static-files_2.0.0,,1,apex-publish-static-files_2.0.0,561,810
/Users/elza/Documents/Final_Dataset/Graph_files/pt_vuln/api-proxy_0.0.2,1,,api-proxy_0.0.2,792,1210
/Users/elza/Documents/Final_Dataset/Graph_files/ci_vuln/apiconnect-cli-plugins_6.0.2,,1,apiconnect-cli-plugins_6.0.2,2401,3610
/Users/elza/Documents/Final_Dataset/Graph_files/ci_vuln/arpping_2.0.0,,1,arpping_2.0.0,0,0
/Users/elza/Documents/Final_Dataset/Graph_files/ci_vuln/ascii-art,,1,ascii-art,2221,3281
/Users/elza/Documents/Final_Dataset/Graph_files/pt_vuln/aso-server_0.4.3,1,,aso-server_0.4.3,1907,2847
/Users/elza/Documents/Final_Dataset/Graph_files/pt_vuln/assess-and-learn,1,,assess-and-learn,0,0
/Users/elza/Documents/Final_Dataset/Graph_files/pt_vuln/asset-cache_0.0.6,1,,asset-cache_0.0.6,218,322
/Users/elza/Documents/Final_Dataset/Graph_files/ci_vuln/assistant-cli,,1,assistant-cli,83,107
/Users/elza/Documents/Final_Dataset/Graph_files/ci_vuln/async-git_1.13.1,,1,async-git_1.13.1,145,205
/Users/elza/Documents/Final_Dataset/Graph_files/ci_vuln/audio_transcode_cli,,1,audio_transcode_cli,0,0
/Users/elza/Documents/Final_Dataset/Graph_files/pt_vuln/augustine_0.2.3,1,,augustine_0.2.3,612,924
/Users/elza/Documents/Final_Dataset/Graph_files/ci_vuln/backup_cli,,1,backup_cli,0,0
/Users/elza/Documents/Final_Dataset/Graph_files/pt_vuln/basic-static_2.0.2,1,,basic-static_2.0.2,1280,1869
/Users/elza/Documents/Final_Dataset/Graph_files/ci_vuln/bestzip_2.1.6,,1,bestzip_2.1.6,1109,1687
/Users/elza/Documents/Final_Dataset/Graph_files/pt_vuln/bin-links,1,,bin-links,1816,2766
/Users/elza/Documents/Final_Dataset/Graph_files/pt_vuln/bitty_0.1.0,1,,bitty_0.1.0,1415,2109
/Users/elza/Documents/Final_Dataset/Graph_files/ci_vuln/blamer_0.1.13,,1,blamer_0.1.13,356,512
/Users/elza/Documents/Final_Dataset/Graph_files/ci_vuln/buns_1.1.6,,1,buns_1.1.6,8356,12448
/Users/elza/Documents/Final_Dataset/Graph_files/ci_vuln/buttle,,1,buttle,286,416
/Users/elza/Documents/Final_Dataset/Graph_files/pt_vuln/caihong_1.0.0,1,,caihong_1.0.0,90,128
/Users/elza/Documents/Final_Dataset/Graph_files/pt_vuln/canvas-designer_1.2.1,1,,canvas-designer_1.2.1,413,598
/Users/elza/Documents/Final_Dataset/Graph_files/pt_vuln/caolilinode_1.0.0,1,,caolilinode_1.0.0,284,415
/Users/elza/Documents/Final_Dataset/Graph_files/ci_vuln/cert_helper_cli,,1,cert_helper_cli,0,0
/Users/elza/Documents/Final_Dataset/Graph_files/ci_vuln/clamscan_1.2.0,,1,clamscan_1.2.0,15326,22485
/Users/elza/Documents/Final_Dataset/Graph_files/ci_vuln/closure-compiler-stream,,1,closure-compiler-stream,1351,2026
/Users/elza/Documents/Final_Dataset/Graph_files/ci_vuln/codecov_3.6.4,,1,codecov_3.6.4,3589,5198
/Users/elza/Documents/Final_Dataset/Graph_files/pt_vuln/codeql-demo-Vulnerable-Website,1,,codeql-demo-Vulnerable-Website,2326,3313
/Users/elza/Documents/Final_Dataset/Graph_files/ci_vuln/command-exists_1.2.2,,1,command-exists_1.2.2,700,1066
/Users/elza/Documents/Final_Dataset/Graph_files/ci_vuln/compass-compile_0.0.1,,1,compass-compile_0.0.1,275,400
/Users/elza/Documents/Final_Dataset/Graph_files/ci_vuln/connection-tester_0.2.0,,1,connection-tester_0.2.0,548,820
/Users/elza/Documents/Final_Dataset/Graph_files/ci_vuln/convert_http,,1,convert_http,624,899
/Users/elza/Documents/Final_Dataset/Graph_files/ci_vuln/cron_manager_http,,1,cron_manager_http,374,532
/Users/elza/Documents/Final_Dataset/Graph_files/pt_vuln/crud-file-server_0.7.0,1,,crud-file-server_0.7.0,284,415
/Users/elza/Documents/Final_Dataset/Graph_files/pt_vuln/cuciuci_1.1.0,1,,cuciuci_1.1.0,284,415
/Users/elza/Documents/Final_Dataset/Graph_files/pt_vuln/cuiaiguang_1.0.0,1,,cuiaiguang_1.0.0,284,415
/Users/elza/Documents/Final_Dataset/Graph_files/ci_vuln/curl_http,,1,curl_http,594,856
/Users/elza/Documents/Final_Dataset/Graph_files/ci_vuln/curling_0.2.0,,1,curling_0.2.0,1029,1552
/Users/elza/Documents/Final_Dataset/Graph_files/ci_vuln/curljs_0.1.2,,1,curljs_0.1.2,875,1359
/Users/elza/Documents/Final_Dataset/Graph_files/pt_vuln/cxy_1.1.0,1,,cxy_1.1.0,284,415
/Users/elza/Documents/Final_Dataset/Graph_files/pt_vuln/cyber-js_1.0.6,1,,cyber-js_1.0.6,284,415
/Users/elza/Documents/Final_Dataset/Graph_files/pt_vuln/cypserver_1.0.0,1,,cypserver_1.0.0,284,415
/Users/elza/Documents/Final_Dataset/Graph_files/pt_vuln/datachannel-client_1.0.2,1,,datachannel-client_1.0.2,284,415
/Users/elza/Documents/Final_Dataset/Graph_files/ci_vuln/db_dump,,1,db_dump,0,0
/Users/elza/Documents/Final_Dataset/Graph_files/pt_vuln/dcdcdcdcdc_1.0.0,1,,dcdcdcdcdc_1.0.0,284,415
/Users/elza/Documents/Final_Dataset/Graph_files/ci_vuln/deferred-exec_0.3.1,,1,deferred-exec_0.3.1,635,983
/Users/elza/Documents/Final_Dataset/Graph_files/ci_vuln/deploy_bot,,1,deploy_bot,0,0
/Users/elza/Documents/Final_Dataset/Graph_files/pt_vuln/der-server_0.0.9,1,,der-server_0.0.9,550,788
/Users/elza/Documents/Final_Dataset/Graph_files/ci_vuln/devcert_index,,1,devcert_index,774,1129
/Users/elza/Documents/Final_Dataset/Graph_files/ci_vuln/devcert_utils,,1,devcert_utils,572,832
/Users/elza/Documents/Final_Dataset/Graph_files/pt_vuln/devtool,1,,devtool,1123,1670
/Users/elza/Documents/Final_Dataset/Graph_files/pt_vuln/dilu_0.1.3,1,,dilu_0.1.3,629,919
/Users/elza/Documents/Final_Dataset/Graph_files/ci_vuln/diskstats_0.0.2,,1,diskstats_0.0.2,914,1366
/Users/elza/Documents/Final_Dataset/Graph_files/ci_vuln/diskusage-ng_0.2.6,,1,diskusage-ng_0.2.6,373,549
/Users/elza/Documents/Final_Dataset/Graph_files/ci_vuln/dns-sync_0.1.0,,1,dns-sync_0.1.0,186,265
/Users/elza/Documents/Final_Dataset/Graph_files/ci_vuln/docker-compose-remote-api,,1,docker-compose-remote-api,2197,3244
/Users/elza/Documents/Final_Dataset/Graph_files/ci_vuln/docker_helper_cli,,1,docker_helper_cli,0,0
/Users/elza/Documents/Final_Dataset/Graph_files/pt_vuln/dylmomo_1.0.0,1,,dylmomo_1.0.0,284,415
/Users/elza/Documents/Final_Dataset/Graph_files/pt_vuln/easy-node-server_1.2.1,1,,easy-node-server_1.2.1,710,1039
/Users/elza/Documents/Final_Dataset/Graph_files/ci_vuln/egg-scripts,,1,egg-scripts,2064,3024
/Users/elza/Documents/Final_Dataset/Graph_files/ci_vuln/enpeem_2.2.0,,1,enpeem_2.2.0,679,944
/Users/elza/Documents/Final_Dataset/Graph_files/ci_vuln/entitlements,,1,entitlements,100,144
/Users/elza/Documents/Final_Dataset/Graph_files/ci_vuln/eslint-fixer_0.1.5,,1,eslint-fixer_0.1.5,441,661
/Users/elza/Documents/Final_Dataset/Graph_files/pt_vuln/ex-http-frame_1.0.2,1,,ex-http-frame_1.0.2,682,1012
/Users/elza/Documents/Final_Dataset/Graph_files/pt_vuln/express-blinker_0.0.6,1,,express-blinker_0.0.6,1448,2132
/Users/elza/Documents/Final_Dataset/Graph_files/pt_vuln/exxxxxxxxxxx_1.0.2,1,,exxxxxxxxxxx_1.0.2,630,935
/Users/elza/Documents/Final_Dataset/Graph_files/pt_vuln/fakelearnnodejs_0.0.1,1,,fakelearnnodejs_0.0.1,284,415
/Users/elza/Documents/Final_Dataset/Graph_files/pt_vuln/fast-http_0.1.3,1,,fast-http_0.1.3,555,819
/Users/elza/Documents/Final_Dataset/Graph_files/pt_vuln/fbr-client_1.0.3,1,,fbr-client_1.0.3,1234,1798
/Users/elza/Documents/Final_Dataset/Graph_files/ci_vuln/ffmpeg-sdk_0.0.5,,1,ffmpeg-sdk_0.0.5,550,845
/Users/elza/Documents/Final_Dataset/Graph_files/ci_vuln/ffmpegdotjs_0.0.4,,1,ffmpegdotjs_0.0.4,1413,2214
/Users/elza/Documents/Final_Dataset/Graph_files/pt_vuln/file-static-server_1.0.2,1,,file-static-server_1.0.2,795,1162
/Users/elza/Documents/Final_Dataset/Graph_files/pt_vuln/filemaster-agent,1,,filemaster-agent,128,187
/Users/elza/Documents/Final_Dataset/Graph_files/ci_vuln/find-process_1.4.4,,1,find-process_1.4.4,753,1119
/Users/elza/Documents/Final_Dataset/Graph_files/ci_vuln/freespace_1.0.4,,1,freespace_1.0.4,577,886
/Users/elza/Documents/Final_Dataset/Graph_files/ci_vuln/fs-path,,1,fs-path,2345,3572
/Users/elza/Documents/Final_Dataset/Graph_files/pt_vuln/fsk-server_0.2.1,1,,fsk-server_0.2.1,1100,1624
/Users/elza/Documents/Final_Dataset/Graph_files/ci_vuln/full-stack-components,,1,full-stack-components,121,172
/Users/elza/Documents/Final_Dataset/Graph_files/pt_vuln/gamebutler_1.0.4,1,,gamebutler_1.0.4,284,415
/Users/elza/Documents/Final_Dataset/Graph_files/pt_vuln/gaoxuyan_1.1.0,1,,gaoxuyan_1.1.0,85,121
/Users/elza/Documents/Final_Dataset/Graph_files/ci_vuln/geojson2kml_0.1.1,,1,geojson2kml_0.1.1,90,126
/Users/elza/Documents/Final_Dataset/Graph_files/ci_vuln/get-git-data,,1,get-git-data,344,528
/Users/elza/Documents/Final_Dataset/Graph_files/ci_vuln/get-npm-package-version_1.0.6,,1,get-npm-package-version_1.0.6,162,235
/Users/elza/Documents/Final_Dataset/Graph_files/pt_vuln/getstats_1.0.6,1,,getstats_1.0.6,533,775
/Users/elza/Documents/Final_Dataset/Graph_files/pt_vuln/gfm-srv_1.1.2,1,,gfm-srv_1.1.2,868,1237
/Users/elza/Documents/Final_Dataset/Graph_files/ci_vuln/git-add-remote_1.0.0,,1,git-add-remote_1.0.0,284,418
/Users/elza/Documents/Final_Dataset/Graph_files/ci_vuln/git-dummy-commit_1.3.0,,1,git-dummy-commit_1.3.0,222,328
/Users/elza/Documents/Final_Dataset/Graph_files/ci_vuln/git-lib_1.6.0,,1,git-lib_1.6.0,2020,3066
/Users/elza/Documents/Final_Dataset/Graph_files/ci_vuln/git-parse_1.0.4,,1,git-parse_1.0.4,212,292
/Users/elza/Documents/Final_Dataset/Graph_files/ci_vuln/git-tags-remote_1.0.2,,1,git-tags-remote_1.0.2,507,779
/Users/elza/Documents/Final_Dataset/Graph_files/ci_vuln/git_0.1.5,,1,git_0.1.5,6996,10514
/Users/elza/Documents/Final_Dataset/Graph_files/ci_vuln/git_hook_http,,1,git_hook_http,596,859
/Users/elza/Documents/Final_Dataset/Graph_files/ci_vuln/git_web,,1,git_web,0,0
/Users/elza/Documents/Final_Dataset/Graph_files/ci_vuln/gitblame_0.1.1,,1,gitblame_0.1.1,159,232
/Users/elza/Documents/Final_Dataset/Graph_files/ci_vuln/giting_0.0.7,,1,giting_0.0.7,2229,3238
/Users/elza/Documents/Final_Dataset/Graph_files/pt_vuln/glance_3.0.0,1,,glance_3.0.0,1048,1533
/Users/elza/Documents/Final_Dataset/Graph_files/ci_vuln/gm_1.20.0,,1,gm_1.20.0,622,922
/Users/elza/Documents/Final_Dataset/Graph_files/ci_vuln/gnuplot,,1,gnuplot,220,326
/Users/elza/Documents/Final_Dataset/Graph_files/ci_vuln/google-cloudstorage-commands_0.0.1,,1,google-cloudstorage-commands_0.0.1,345,517
/Users/elza/Documents/Final_Dataset/Graph_files/pt_vuln/goserv_1.0.0,1,,goserv_1.0.0,284,415
/Users/elza/Documents/Final_Dataset/Graph_files/pt_vuln/graphql-mesh,1,,graphql-mesh,594,857
/Users/elza/Documents/Final_Dataset/Graph_files/ci_vuln/grep_logs,,1,grep_logs,0,0
/Users/elza/Documents/Final_Dataset/Graph_files/ci_vuln/growl_1.9.0,,1,growl_1.9.0,1922,2836
/Users/elza/Documents/Final_Dataset/Graph_files/ci_vuln/gry_5.0.8,,1,gry_5.0.8,1074,1591
/Users/elza/Documents/Final_Dataset/Graph_files/ci_vuln/gulp-scss-lint,,1,gulp-scss-lint,838,1206
/Users/elza/Documents/Final_Dataset/Graph_files/ci_vuln/gulp-styledocco,,1,gulp-styledocco,523,768
/Users/elza/Documents/Final_Dataset/Graph_files/ci_vuln/gulp-tape,,1,gulp-tape,437,643
/Users/elza/Documents/Final_Dataset/Graph_files/pt_vuln/gyfserver_1.0.0,1,,gyfserver_1.0.0,173,246
/Users/elza/Documents/Final_Dataset/Graph_files/pt_vuln/hangersteak_0.2.2,1,,hangersteak_0.2.2,245,362
/Users/elza/Documents/Final_Dataset/Graph_files/pt_vuln/hdsdhhksjd_1.0.0,1,,hdsdhhksjd_1.0.0,284,415
/Users/elza/Documents/Final_Dataset/Graph_files/ci_vuln/heroku-env_0.2.0,,1,heroku-env_0.2.0,188,277
/Users/elza/Documents/Final_Dataset/Graph_files/pt_vuln/hftp_0.0.6,1,,hftp_0.0.6,306,446
/Users/elza/Documents/Final_Dataset/Graph_files/pt_vuln/hostr_2.0.0,1,,hostr_2.0.0,680,1002
/Users/elza/Documents/Final_Dataset/Graph_files/ci_vuln/hot-formula-parser_3.0.0,,1,hot-formula-parser_3.0.0,10851,15155
/Users/elza/Documents/Final_Dataset/Graph_files/pt_vuln/http-file-server_0.2.6,1,,http-file-server_0.2.6,284,415
/Users/elza/Documents/Final_Dataset/Graph_files/pt_vuln/http-live-simulator_1.0.0,1,,http-live-simulator_1.0.0,284,415
/Users/elza/Documents/Final_Dataset/Graph_files/pt_vuln/httpea_3.0.4,1,,httpea_3.0.4,284,415
/Users/elza/Documents/Final_Dataset/Graph_files/ci_vuln/im-metadata_3.0.1,,1,im-metadata_3.0.1,820,1312
/Users/elza/Documents/Final_Dataset/Graph_files/ci_vuln/im-resize_2.3.2,,1,im-resize_2.3.2,1158,1661
/Users/elza/Documents/Final_Dataset/Graph_files/ci_vuln/image_convert,,1,image_convert,0,0
/Users/elza/Documents/Final_Dataset/Graph_files/ci_vuln/imagickal_5.0.1,,1,imagickal_5.0.1,1522,2270
/Users/elza/Documents/Final_Dataset/Graph_files/ci_vuln/imfile-desktop,,1,imfile-desktop,456,654
/Users/elza/Documents/Final_Dataset/Graph_files/pt_vuln/infraserver_0.0.1,1,,infraserver_0.0.1,284,415
/Users/elza/Documents/Final_Dataset/Graph_files/pt_vuln/intsol-package_1.0.0,1,,intsol-package_1.0.0,284,415
/Users/elza/Documents/Final_Dataset/Graph_files/pt_vuln/ipx,1,,ipx,316,458
/Users/elza/Documents/Final_Dataset/Graph_files/pt_vuln/isv-http_0.0.9,1,,isv-http_0.0.9,209,308
/Users/elza/Documents/Final_Dataset/Graph_files/ci_vuln/kill-by-port_0.0.1,,1,kill-by-port_0.0.1,78,111
/Users/elza/Documents/Final_Dataset/Graph_files/ci_vuln/kill-process-by-name_1.0.5,,1,kill-process-by-name_1.0.5,84,118
/Users/elza/Documents/Final_Dataset/Graph_files/ci_vuln/killing_1.0.6,,1,killing_1.0.6,403,611
/Users/elza/Documents/Final_Dataset/Graph_files/ci_vuln/killport_1.0.1,,1,killport_1.0.1,353,518
/Users/elza/Documents/Final_Dataset/Graph_files/ci_vuln/kubectl_cli,,1,kubectl_cli,515,751
/Users/elza/Documents/Final_Dataset/Graph_files/pt_vuln/ladle,1,,ladle,927,1296
/Users/elza/Documents/Final_Dataset/Graph_files/pt_vuln/lander_1.0.0,1,,lander_1.0.0,208,306
/Users/elza/Documents/Final_Dataset/Graph_files/ci_vuln/latex_builder_http,,1,latex_builder_http,369,525
/Users/elza/Documents/Final_Dataset/Graph_files/pt_vuln/lessindex_1.0.0,1,,lessindex_1.0.0,284,415
/Users/elza/Documents/Final_Dataset/Graph_files/ci_vuln/libnmap_0.4.11,,1,libnmap_0.4.11,1067,1580
/Users/elza/Documents/Final_Dataset/Graph_files/pt_vuln/lihuini_1.0.0,1,,lihuini_1.0.0,284,415
/Users/elza/Documents/Final_Dataset/Graph_files/pt_vuln/liuyaserver_1.0.0,1,,liuyaserver_1.0.0,173,246
/Users/elza/Documents/Final_Dataset/Graph_files/pt_vuln/liyujing_1.1.0,1,,liyujing_1.1.0,284,415
/Users/elza/Documents/Final_Dataset/Graph_files/pt_vuln/ljjnodeserve_1.0.0,1,,ljjnodeserve_1.0.0,325,474
/Users/elza/Documents/Final_Dataset/Graph_files/ci_vuln/local-devices_2.0.0,,1,local-devices_2.0.0,949,1434
/Users/elza/Documents/Final_Dataset/Graph_files/pt_vuln/looppake_3.0.0,1,,looppake_3.0.0,284,415
/Users/elza/Documents/Final_Dataset/Graph_files/ci_vuln/lsof_0.1.0,,1,lsof_0.1.0,1006,1507
/Users/elza/Documents/Final_Dataset/Graph_files/ci_vuln/lycwed-spritesheetjs_1.2.5,,1,lycwed-spritesheetjs_1.2.5,3149,4542
/Users/elza/Documents/Final_Dataset/Graph_files/pt_vuln/lzl123_1.1.0,1,,lzl123_1.1.0,284,415
/Users/elza/Documents/Final_Dataset/Graph_files/pt_vuln/m-server_1.4.0,1,,m-server_1.4.0,284,415
/Users/elza/Documents/Final_Dataset/Graph_files/ci_vuln/macaddress_0.2.8,,1,macaddress_0.2.8,128,186
/Users/elza/Documents/Final_Dataset/Graph_files/ci_vuln/macfromip_1.1.1,,1,macfromip_1.1.1,977,1489
/Users/elza/Documents/Final_Dataset/Graph_files/pt_vuln/mammoth.js,1,,mammoth.js,487,711
/Users/elza/Documents/Final_Dataset/Graph_files/pt_vuln/marejs,1,,marejs,0,0
/Users/elza/Documents/Final_Dataset/Graph_files/pt_vuln/mcstatic_0.0.20,1,,mcstatic_0.0.20,284,415
/Users/elza/Documents/Final_Dataset/Graph_files/ci_vuln/meta-git_1.1.3,,1,meta-git_1.1.3,376,545
/Users/elza/Documents/Final_Dataset/Graph_files/ci_vuln/mobile-icon-resizer,,1,mobile-icon-resizer,1139,1630
/Users/elza/Documents/Final_Dataset/Graph_files/ci_vuln/mock2easy,,1,mock2easy,321,479
/Users/elza/Documents/Final_Dataset/Graph_files/pt_vuln/modelcontextprotocol,1,,modelcontextprotocol,0,0
/Users/elza/Documents/Final_Dataset/Graph_files/ci_vuln/mversion,,1,mversion,626,932
/Users/elza/Documents/Final_Dataset/Graph_files/pt_vuln/my-sn_1.0.1,1,,my-sn_1.0.1,284,415
/Users/elza/Documents/Final_Dataset/Graph_files/pt_vuln/myprolyz_1.1.0,1,,myprolyz_1.1.0,284,415
/Users/elza/Documents/Final_Dataset/Graph_files/ci_vuln/mysqldump_cli,,1,mysqldump_cli,515,750
/Users/elza/Documents/Final_Dataset/Graph_files/pt_vuln/nestflix,1,,nestflix,987,1483
/Users/elza/Documents/Final_Dataset/Graph_files/ci_vuln/network-manager,,1,network-manager,133,187
/Users/elza/Documents/Final_Dataset/Graph_files/ci_vuln/ng-packagr,,1,ng-packagr,0,0
/Users/elza/Documents/Final_Dataset/Graph_files/pt_vuln/nitro-server_1.3.3,1,,nitro-server_1.3.3,1952,2933
/Users/elza/Documents/Final_Dataset/Graph_files/pt_vuln/node-cxc_1.0.0,1,,node-cxc_1.0.0,284,415
/Users/elza/Documents/Final_Dataset/Graph_files/ci_vuln/node-df_0.1.4,,1,node-df_0.1.4,209,312
/Users/elza/Documents/Final_Dataset/Graph_files/ci_vuln/node-gitlab-hook,,1,node-gitlab-hook,2435,3587
/Users/elza/Documents/Final_Dataset/Graph_files/pt_vuln/node-http-server_8.1.2,1,,node-http-server_8.1.2,219,320
/Users/elza/Documents/Final_Dataset/Graph_files/ci_vuln/node-key-sender_1.0.11,,1,node-key-sender_1.0.11,1857,2684
/Users/elza/Documents/Final_Dataset/Graph_files/ci_vuln/node-latex-pdf_0.0.2,,1,node-latex-pdf_0.0.2,221,319
/Users/elza/Documents/Final_Dataset/Graph_files/ci_vuln/node-mpv_0.12.2,,1,node-mpv_0.12.2,1742,2496
/Users/elza/Documents/Final_Dataset/Graph_files/ci_vuln/node-opencv,,1,node-opencv,526,790
/Users/elza/Documents/Final_Dataset/Graph_files/ci_vuln/node-prompt-here,,1,node-prompt-here,144,205
/Users/elza/Documents/Final_Dataset/Graph_files/ci_vuln/node-ps_0.0.2,,1,node-ps_0.0.2,741,1119
/Users/elza/Documents/Final_Dataset/Graph_files/ci_vuln/node-rules,,1,node-rules,1541,2255
/Users/elza/Documents/Final_Dataset/Graph_files/ci_vuln/node-samba-client,,1,node-samba-client,1330,1892
/Users/elza/Documents/Final_Dataset/Graph_files/pt_vuln/node-simple-router_0.10.0,1,,node-simple-router_0.10.0,13220,19930
/Users/elza/Documents/Final_Dataset/Graph_files/pt_vuln/node-srv_2.0.0,1,,node-srv_2.0.0,2581,3688
/Users/elza/Documents/Final_Dataset/Graph_files/pt_vuln/node-static-webserver_0.0.1,1,,node-static-webserver_0.0.1,1126,1580
/Users/elza/Documents/Final_Dataset/Graph_files/pt_vuln/node-staticserver_1.0.3,1,,node-staticserver_1.0.3,252,363
/Users/elza/Documents/Final_Dataset/Graph_files/ci_vuln/node-tree-kill,,1,node-tree-kill,674,1038
/Users/elza/Documents/Final_Dataset/Graph_files/pt_vuln/nodeaaaaa_1.3.0,1,,nodeaaaaa_1.3.0,284,415
/Users/elza/Documents/Final_Dataset/Graph_files/pt_vuln/nodejsccc_1.0.0,1,,nodejsccc_1.0.0,284,415
/Users/elza/Documents/Final_Dataset/Graph_files/pt_vuln/nopach_0.1.1,1,,nopach_0.1.1,284,415
/Users/elza/Documents/Final_Dataset/Graph_files/ci_vuln/npm-git-publish_0.2.4-beta,,1,npm-git-publish_0.2.4-beta,2240,3392
/Users/elza/Documents/Final_Dataset/Graph_files/ci_vuln/npm-programmatic,,1,npm-programmatic,1167,1697
/Users/elza/Documents/Final_Dataset/Graph_files/ci_vuln/npm_proxy_cli,,1,npm_proxy_cli,0,0
/Users/elza/Documents/Final_Dataset/Graph_files/ci_vuln/onion-oled-js_0.0.2,,1,onion-oled-js_0.0.2,412,609
/Users/elza/Documents/Final_Dataset/Graph_files/pt_vuln/open-device_4.0.1,1,,open-device_4.0.1,284,415
/Users/elza/Documents/Final_Dataset/Graph_files/ci_vuln/open_0.0.5,,1,open_0.0.5,256,381
/Users/elza/Documents/Final_Dataset/Graph_files/ci_vuln/opened,,1,opened,2012,3032
/Users/elza/Documents/Final_Dataset/Graph_files/pt_vuln/path-sanitizer,1,,path-sanitizer,15,15
/Users/elza/Documents/Final_Dataset/Graph_files/ci_vuln/pdf-image_1.0.5,,1,pdf-image_1.0.5,1675,2510
/Users/elza/Documents/Final_Dataset/Graph_files/ci_vuln/pdf-image_2.0.0,,1,pdf-image_2.0.0,1675,2510
/Users/elza/Documents/Final_Dataset/Graph_files/ci_vuln/pdf_gen,,1,pdf_gen,0,0
/Users/elza/Documents/Final_Dataset/Graph_files/ci_vuln/pdfinfojs_0.3.6,,1,pdfinfojs_0.3.6,892,1286
/Users/elza/Documents/Final_Dataset/Graph_files/ci_vuln/pdftotext_cli,,1,pdftotext_cli,455,667
/Users/elza/Documents/Final_Dataset/Graph_files/pt_vuln/peiserver_1.0.0,1,,peiserver_1.0.0,302,441
/Users/elza/Documents/Final_Dataset/Graph_files/ci_vuln/pi_video_recording,,1,pi_video_recording,528,748
/Users/elza/Documents/Final_Dataset/Graph_files/pt_vuln/pico-static-server_2.3.4,1,,pico-static-server_2.3.4,218,317
/Users/elza/Documents/Final_Dataset/Graph_files/ci_vuln/pidusage_1.0.0,,1,pidusage_1.0.0,1720,2510
/Users/elza/Documents/Final_Dataset/Graph_files/ci_vuln/ping_tool,,1,ping_tool,0,0
/Users/elza/Documents/Final_Dataset/Graph_files/ci_vuln/plotter_0.5.0,,1,plotter_0.5.0,1594,2544
/Users/elza/Documents/Final_Dataset/Graph_files/ci_vuln/pomelo-monitor,,1,pomelo-monitor,657,967
/Users/elza/Documents/Final_Dataset/Graph_files/ci_vuln/portprocesses_1.0.4,,1,portprocesses_1.0.4,643,933
/Users/elza/Documents/Final_Dataset/Graph_files/ci_vuln/priest-runner_controller,,1,priest-runner_controller,2420,3478
/Users/elza/Documents/Final_Dataset/Graph_files/ci_vuln/priest-runner_middleware,,1,priest-runner_middleware,2717,4064
/Users/elza/Documents/Final_Dataset/Graph_files/pt_vuln/proxey_0.4.2,1,,proxey_0.4.2,269,380
/Users/elza/Documents/Final_Dataset/Graph_files/ci_vuln/ps-visitor_0.0.2,,1,ps-visitor_0.0.2,2617,3856
/Users/elza/Documents/Final_Dataset/Graph_files/ci_vuln/ps_0.0.2,,1,ps_0.0.2,452,682
/Users/elza/Documents/Final_Dataset/Graph_files/ci_vuln/psnode_0.0.1,,1,psnode_0.0.1,523,774
/Users/elza/Documents/Final_Dataset/Graph_files/pt_vuln/ptest_1.0.0,1,,ptest_1.0.0,1854,2777
/Users/elza/Documents/Final_Dataset/Graph_files/pt_vuln/public_0.1.2,1,,public_0.1.2,314,459
/Users/elza/Documents/Final_Dataset/Graph_files/ci_vuln/pullit,,1,pullit,726,1033
/Users/elza/Documents/Final_Dataset/Graph_files/ci_vuln/pulsar-tidalcycles,,1,pulsar-tidalcycles,28,33
/Users/elza/Documents/Final_Dataset/Graph_files/ci_vuln/pulverizr,,1,pulverizr,1051,1503
/Users/elza/Documents/Final_Dataset/Graph_files/pt_vuln/pytservce_1.0.0,1,,pytservce_1.0.0,302,441
/Users/elza/Documents/Final_Dataset/Graph_files/pt_vuln/rctf-server,1,,rctf-server,668,961
/Users/elza/Documents/Final_Dataset/Graph_files/ci_vuln/react-dev-utils_11.0.0,,1,react-dev-utils_11.0.0,399,608
/Users/elza/Documents/Final_Dataset/Graph_files/ci_vuln/react-marked-markdown,,1,react-marked-markdown,773,1085
/Users/elza/Documents/Final_Dataset/Graph_files/pt_vuln/redtech-tools,1,,redtech-tools,0,0
/Users/elza/Documents/Final_Dataset/Graph_files/ci_vuln/reg-keygen-git-hash-plugin,,1,reg-keygen-git-hash-plugin,22,25
/Users/elza/Documents/Final_Dataset/Graph_files/ci_vuln/renovate,,1,renovate,0,0
/Users/elza/Documents/Final_Dataset/Graph_files/pt_vuln/restify-swagger-jsdoc,1,,restify-swagger-jsdoc,1168,1700
/Users/elza/Documents/Final_Dataset/Graph_files/ci_vuln/restore_cli,,1,restore_cli,0,0
/Users/elza/Documents/Final_Dataset/Graph_files/pt_vuln/ritp_1.0.5,1,,ritp_1.0.5,284,415
/Users/elza/Documents/Final_Dataset/Graph_files/pt_vuln/rjpserver_1.0.0,1,,rjpserver_1.0.0,302,441
/Users/elza/Documents/Final_Dataset/Graph_files/ci_vuln/roar-pidusage_1.1.6,,1,roar-pidusage_1.1.6,1667,2424
/Users/elza/Documents/Final_Dataset/Graph_files/pt_vuln/rollup-plugin-dev-server_0.4.3,1,,rollup-plugin-dev-server_0.4.3,217,317
/Users/elza/Documents/Final_Dataset/Graph_files/pt_vuln/rollup-plugin-serve-favicon_0.4.2,1,,rollup-plugin-serve-favicon_0.4.2,217,317
/Users/elza/Documents/Final_Dataset/Graph_files/pt_vuln/rollup-plugin-serve_0.4.2,1,,rollup-plugin-serve_0.4.2,217,317
/Users/elza/Documents/Final_Dataset/Graph_files/pt_vuln/rollup-plugin-server_0.7.0,1,,rollup-plugin-server_0.7.0,217,317
/Users/elza/Documents/Final_Dataset/Graph_files/ci_vuln/rsync_cli,,1,rsync_cli,487,711
/Users/elza/Documents/Final_Dataset/Graph_files/pt_vuln/rtcmulticonnection-client_1.0.5,1,,rtcmulticonnection-client_1.0.5,284,415
/Users/elza/Documents/Final_Dataset/Graph_files/pt_vuln/run-this-place_1.0.2,1,,run-this-place_1.0.2,284,415
/Users/elza/Documents/Final_Dataset/Graph_files/pt_vuln/sabu_1.0.6,1,,sabu_1.0.6,645,959
/Users/elza/Documents/Final_Dataset/Graph_files/ci_vuln/samsung-remote_1.2.5,,1,samsung-remote_1.2.5,977,1448
/Users/elza/Documents/Final_Dataset/Graph_files/ci_vuln/scp_0.0.3,,1,scp_0.0.3,401,579
/Users/elza/Documents/Final_Dataset/Graph_files/pt_vuln/serve-here.js_1.1.0,1,,serve-here.js_1.1.0,582,839
/Users/elza/Documents/Final_Dataset/Graph_files/pt_vuln/serve46_1.0.0,1,,serve46_1.0.0,284,415
/Users/elza/Documents/Final_Dataset/Graph_files/pt_vuln/serverabc_1.0.0,1,,serverabc_1.0.0,284,415
/Users/elza/Documents/Final_Dataset/Graph_files/pt_vuln/serverfff_1.1.1,1,,serverfff_1.1.1,284,415
/Users/elza/Documents/Final_Dataset/Graph_files/pt_vuln/serverxxx_1.0.0,1,,serverxxx_1.0.0,284,415
/Users/elza/Documents/Final_Dataset/Graph_files/pt_vuln/serverzyy_1.0.0,1,,serverzyy_1.0.0,302,441
/Users/elza/Documents/Final_Dataset/Graph_files/pt_vuln/servey_2.2.0,1,,servey_2.2.0,284,415
/Users/elza/Documents/Final_Dataset/Graph_files/ci_vuln/shell-quote,,1,shell-quote,1698,2615
/Users/elza/Documents/Final_Dataset/Graph_files/pt_vuln/shit-server_1.0.0,1,,shit-server_1.0.0,284,415
/Users/elza/Documents/Final_Dataset/Graph_files/pt_vuln/simple-mock-server_0.2.1,1,,simple-mock-server_0.2.1,284,415
/Users/elza/Documents/Final_Dataset/Graph_files/ci_vuln/sitemap_fetcher_cli,,1,sitemap_fetcher_cli,0,0
/Users/elza/Documents/Final_Dataset/Graph_files/ci_vuln/snyk-cocoapods-plugin,,1,snyk-cocoapods-plugin,211,298
/Users/elza/Documents/Final_Dataset/Graph_files/ci_vuln/snyk-docker-plugin,,1,snyk-docker-plugin,218,308
/Users/elza/Documents/Final_Dataset/Graph_files/ci_vuln/snyk-gradle-plugin,,1,snyk-gradle-plugin,0,0
/Users/elza/Documents/Final_Dataset/Graph_files/ci_vuln/snyk-hex-plugin,,1,snyk-hex-plugin,0,0
/Users/elza/Documents/Final_Dataset/Graph_files/ci_vuln/snyk-mvn-plugin,,1,snyk-mvn-plugin,372,533
/Users/elza/Documents/Final_Dataset/Graph_files/ci_vuln/snyk-python-plugin,,1,snyk-python-plugin,272,392
/Users/elza/Documents/Final_Dataset/Graph_files/ci_vuln/snyk-sbt-plugin,,1,snyk-sbt-plugin,594,868
/Users/elza/Documents/Final_Dataset/Graph_files/ci_vuln/soletta-dev-app,,1,soletta-dev-app,4210,6198
/Users/elza/Documents/Final_Dataset/Graph_files/pt_vuln/spiderjs,1,,spiderjs,916,1306
/Users/elza/Documents/Final_Dataset/Graph_files/ci_vuln/spritesheet-js,,1,spritesheet-js,2587,3719
/Users/elza/Documents/Final_Dataset/Graph_files/ci_vuln/ssh_proxy_http,,1,ssh_proxy_http,395,563
/Users/elza/Documents/Final_Dataset/Graph_files/pt_vuln/starfruit_0.2.2,1,,starfruit_0.2.2,237,346
/Users/elza/Documents/Final_Dataset/Graph_files/pt_vuln/static-html-server_0.1.2,1,,static-html-server_0.1.2,286,418
/Users/elza/Documents/Final_Dataset/Graph_files/pt_vuln/static-server-gx_1.2.1,1,,static-server-gx_1.2.1,286,418
/Users/elza/Documents/Final_Dataset/Graph_files/pt_vuln/statichttpserver_0.9.7,1,,statichttpserver_0.9.7,284,415
/Users/elza/Documents/Final_Dataset/Graph_files/pt_vuln/statics-server_0.0.9,1,,statics-server_0.0.9,286,417
/Users/elza/Documents/Final_Dataset/Graph_files/pt_vuln/stattic_0.2.3,1,,stattic_0.2.3,231,340
/Users/elza/Documents/Final_Dataset/Graph_files/pt_vuln/supabase-auth-js,1,,supabase-auth-js,0,0
/Users/elza/Documents/Final_Dataset/Graph_files/ci_vuln/sys_runner_http,,1,sys_runner_http,563,812
/Users/elza/Documents/Final_Dataset/Graph_files/ci_vuln/sysctl,,1,sysctl,0,0
/Users/elza/Documents/Final_Dataset/Graph_files/ci_vuln/tar_list_http,,1,tar_list_http,596,859
/Users/elza/Documents/Final_Dataset/Graph_files/pt_vuln/tetflix,1,,tetflix,656,962
/Users/elza/Documents/Final_Dataset/Graph_files/ci_vuln/theme-core_0.2.5,,1,theme-core_0.2.5,778,1143
/Users/elza/Documents/Final_Dataset/Graph_files/ci_vuln/thi.ng-egf_0.3.0,,1,thi.ng-egf_0.3.0,4326,6470
/Users/elza/Documents/Final_Dataset/Graph_files/pt_vuln/tinyserver2_0.5.2,1,,tinyserver2_0.5.2,284,415
/Users/elza/Documents/Final_Dataset/Graph_files/pt_vuln/tinyserver_0.1.1,1,,tinyserver_0.1.1,284,415
/Users/elza/Documents/Final_Dataset/Graph_files/ci_vuln/tomato,,1,tomato,559,805
/Users/elza/Documents/Final_Dataset/Graph_files/ci_vuln/total.js_3.4.6,,1,total.js_3.4.6,5849,8924
/Users/elza/Documents/Final_Dataset/Graph_files/ci_vuln/traceroute-1.0.0,,1,traceroute-1.0.0,821,1218
/Users/elza/Documents/Final_Dataset/Graph_files/ci_vuln/ts-process-promises_1.0.2,,1,ts-process-promises_1.0.2,865,1345
/Users/elza/Documents/Final_Dataset/Graph_files/pt_vuln/ts_vite_2025,1,,ts_vite_2025,0,0
/Users/elza/Documents/Final_Dataset/Graph_files/pt_vuln/ts_vitest_2025,1,,ts_vitest_2025,0,0
/Users/elza/Documents/Final_Dataset/Graph_files/pt_vuln/uekw1511server_1.0.1,1,,uekw1511server_1.0.1,284,415
/Users/elza/Documents/Final_Dataset/Graph_files/ci_vuln/umount_1.1.6,,1,umount_1.1.6,470,710
/Users/elza/Documents/Final_Dataset/Graph_files/ci_vuln/ungit_0.8.4,,1,ungit_0.8.4,4342,6465
/Users/elza/Documents/Final_Dataset/Graph_files/ci_vuln/unzip_cli,,1,unzip_cli,493,721
/Users/elza/Documents/Final_Dataset/Graph_files/ci_vuln/uptime-kuma,,1,uptime-kuma,0,0
/Users/elza/Documents/Final_Dataset/Graph_files/ci_vuln/vboxmanage.js_1.0.6,,1,vboxmanage.js_1.0.6,3087,4646
/Users/elza/Documents/Final_Dataset/Graph_files/ci_vuln/video_thumbnail_cli,,1,video_thumbnail_cli,0,0
/Users/elza/Documents/Final_Dataset/Graph_files/pt_vuln/vuln-config-manager,1,,vuln-config-manager,0,0
/Users/elza/Documents/Final_Dataset/Graph_files/pt_vuln/vuln-dochub-express,1,,vuln-dochub-express,1052,1570
/Users/elza/Documents/Final_Dataset/Graph_files/pt_vuln/vuln-electron-file,1,,vuln-electron-file,337,495
/Users/elza/Documents/Final_Dataset/Graph_files/pt_vuln/vuln-express-glob-download,1,,vuln-express-glob-download,492,723
/Users/elza/Documents/Final_Dataset/Graph_files/pt_vuln/vuln-express-wiki,1,,vuln-express-wiki,0,0
/Users/elza/Documents/Final_Dataset/Graph_files/pt_vuln/vuln-fastify-static-mix,1,,vuln-fastify-static-mix,0,0
/Users/elza/Documents/Final_Dataset/Graph_files/pt_vuln/vuln-gov-health,1,,vuln-gov-health,0,0
/Users/elza/Documents/Final_Dataset/Graph_files/pt_vuln/vuln-gov-labor,1,,vuln-gov-labor,677,942
/Users/elza/Documents/Final_Dataset/Graph_files/pt_vuln/vuln-graphql-files,1,,vuln-graphql-files,289,414
/Users/elza/Documents/Final_Dataset/Graph_files/pt_vuln/vuln-hapi-serve,1,,vuln-hapi-serve,406,592
/Users/elza/Documents/Final_Dataset/Graph_files/pt_vuln/vuln-http-range,1,,vuln-http-range,397,572
/Users/elza/Documents/Final_Dataset/Graph_files/pt_vuln/vuln-image-resizer,1,,vuln-image-resizer,400,588
/Users/elza/Documents/Final_Dataset/Graph_files/pt_vuln/vuln-koa-static,1,,vuln-koa-static,527,758
/Users/elza/Documents/Final_Dataset/Graph_files/pt_vuln/vuln-koa-template-assets,1,,vuln-koa-template-assets,421,610
/Users/elza/Documents/Final_Dataset/Graph_files/pt_vuln/vuln-m3u-playlist-streamer,1,,vuln-m3u-playlist-streamer,840,1268
/Users/elza/Documents/Final_Dataset/Graph_files/pt_vuln/vuln-multer-subdir,1,,vuln-multer-subdir,395,565
/Users/elza/Documents/Final_Dataset/Graph_files/pt_vuln/vuln-notebook-renderer,1,,vuln-notebook-renderer,0,0
/Users/elza/Documents/Final_Dataset/Graph_files/pt_vuln/vuln-notes-json-api,1,,vuln-notes-json-api,0,0
/Users/elza/Documents/Final_Dataset/Graph_files/pt_vuln/vuln-socketio-readfile,1,,vuln-socketio-readfile,340,495
/Users/elza/Documents/Final_Dataset/Graph_files/pt_vuln/vuln-static-brotli,1,,vuln-static-brotli,410,601
/Users/elza/Documents/Final_Dataset/Graph_files/pt_vuln/vuln-tar-extract,1,,vuln-tar-extract,437,647
/Users/elza/Documents/Final_Dataset/Graph_files/pt_vuln/vuln-webdav-like,1,,vuln-webdav-like,616,925
/Users/elza/Documents/Final_Dataset/Graph_files/pt_vuln/vuln-zip-extract,1,,vuln-zip-extract,471,687
/Users/elza/Documents/Final_Dataset/Graph_files/pt_vuln/vuln_express_file_browser_downloader,1,,vuln_express_file_browser_downloader,818,1216
/Users/elza/Documents/Final_Dataset/Graph_files/pt_vuln/vulnerable-kyc-api,1,,vulnerable-kyc-api,369,501
/Users/elza/Documents/Final_Dataset/Graph_files/ci_vuln/wc-cmd_1.0.9,,1,wc-cmd_1.0.9,598,880
/Users/elza/Documents/Final_Dataset/Graph_files/ci_vuln/wds-bt,,1,wds-bt,0,0
/Users/elza/Documents/Final_Dataset/Graph_files/pt_vuln/web-node-server_0.1.0,1,,web-node-server_0.1.0,299,434
/Users/elza/Documents/Final_Dataset/Graph_files/pt_vuln/webrepl_0.4.7,1,,webrepl_0.4.7,210,309
/Users/elza/Documents/Final_Dataset/Graph_files/pt_vuln/webvrrocks,1,,webvrrocks,1038,1498
/Users/elza/Documents/Final_Dataset/Graph_files/pt_vuln/wffserve_1.0.0,1,,wffserve_1.0.0,284,415
/Users/elza/Documents/Final_Dataset/Graph_files/ci_vuln/whereis_0.4.0,,1,whereis_0.4.0,411,596
/Users/elza/Documents/Final_Dataset/Graph_files/ci_vuln/wifiscanner,,1,wifiscanner,182,248
/Users/elza/Documents/Final_Dataset/Graph_files/ci_vuln/wincred_1.0.2,,1,wincred_1.0.2,198,285
/Users/elza/Documents/Final_Dataset/Graph_files/pt_vuln/wind-mvc_0.0.6,1,,wind-mvc_0.0.6,284,415
/Users/elza/Documents/Final_Dataset/Graph_files/pt_vuln/wintiwebdev_1.0.0,1,,wintiwebdev_1.0.0,284,415
/Users/elza/Documents/Final_Dataset/Graph_files/ci_vuln/wizard-syncronizer,,1,wizard-syncronizer,761,1156
/Users/elza/Documents/Final_Dataset/Graph_files/pt_vuln/wrlc_0.2.5,1,,wrlc_0.2.5,227,333
/Users/elza/Documents/Final_Dataset/Graph_files/ci_vuln/wxchangba,,1,wxchangba,2040,3062
/Users/elza/Documents/Final_Dataset/Graph_files/ci_vuln/xopen_1.0.0,,1,xopen_1.0.0,150,212
/Users/elza/Documents/Final_Dataset/Graph_files/ci_vuln/xps_1.0.2,,1,xps_1.0.2,191,273
/Users/elza/Documents/Final_Dataset/Graph_files/pt_vuln/zero_1.0.4,1,,zero_1.0.4,2124,3106
/Users/elza/Documents/Final_Dataset/Graph_files/pt_vuln/zhanglina_1.0.0,1,,zhanglina_1.0.0,302,441
/Users/elza/Documents/Final_Dataset/Graph_files/pt_vuln/zhangranbigman_0.0.1,1,,zhangranbigman_0.0.1,284,415
/Users/elza/Documents/Final_Dataset/Graph_files/ci_vuln/zip_list,,1,zip_list,0,0
/Users/elza/Documents/Final_Dataset/Graph_files/pt_vuln/zjjserver_1.0.0,1,,zjjserver_1.0.0,302,441
/Users/elza/Documents/Final_Dataset/Graph_files/pt_vuln/zs123_1.0.0,1,,zs123_1.0.0,284,415
/Users/elza/Documents/Final_Dataset/Graph_files/pt_vuln/zwserver_0.1.1,1,,zwserver_0.1.1,284,415
/Users/elza/Documents/Final_Dataset/Graph_files/pt_vuln/zxyserver_1.0.0,1,,zxyserver_1.0.0,302,441
